depth,threshold,feature,is_leaf,value
1,-0.03442033752799034,3,False,[4908. 4976. 5098. 5031. 4847. 5201. 4990. 5000. 4969. 4920.]
2,0.6171143651008606,1,False,[1008.  614. 2408. 1877. 2491.  310. 3049. 1996. 1526.  792.]
3,-0.6583954989910126,3,False,[ 898.  576. 2366.  831. 2371.  283. 3049. 1913. 1483.  768.]
4,-0.46734189987182617,2,False,[ 230.  235.  490.  271. 1491.   45.  643.  885.  902.  106.]
5,0.45088015496730804,1,False,[113.  68. 340. 106. 571.  19. 264. 333. 178.  25.]
6,-0.638725757598877,2,False,[ 40.  51. 267. 106. 495.  19. 116. 265.  86.  19.]
7,0.10658670216798782,1,False,[  8.  15. 156.   0. 167.  13. 116. 128.   8.   0.]
8,0.09499865025281906,1,False,[  8.   0.  26.   0.  14.   4. 116.   2.   0.   0.]
9,-0.6994324326515198,3,False,[ 8.  0. 18.  0. 10.  0.  0.  2.  0.  0.]
10,0.09260128811001778,1,False,[ 0.  0. 16.  0.  9.  0.  0.  2.  0.  0.]
11,-2.0,-2,True,[ 0.  0. 16.  0.  6.  0.  0.  2.  0.  0.]
11,-2.0,-2,True,[0. 0. 0. 0. 3. 0. 0. 0. 0. 0.]
10,-0.7265805900096893,2,False,[8. 0. 2. 0. 1. 0. 0. 0. 0. 0.]
11,-2.0,-2,True,[0. 0. 2. 0. 1. 0. 0. 0. 0. 0.]
11,-2.0,-2,True,[8. 0. 0. 0. 0. 0. 0. 0. 0. 0.]
9,-0.7025014460086823,2,False,[  0.   0.   8.   0.   4.   4. 116.   0.   0.   0.]
10,0.6166757643222809,0,False,[0. 0. 8. 0. 2. 4. 0. 0. 0. 0.]
11,-2.0,-2,True,[0. 0. 4. 0. 0. 0. 0. 0. 0. 0.]
11,-2.0,-2,True,[0. 0. 4. 0. 2. 4. 0. 0. 0. 0.]
10,0.5673373639583588,0,False,[  0.   0.   0.   0.   2.   0. 116.   0.   0.   0.]
11,-2.0,-2,True,[ 0.  0.  0.  0.  0.  0. 59.  0.  0.  0.]
11,-2.0,-2,True,[ 0.  0.  0.  0.  2.  0. 57.  0.  0.  0.]
8,-0.7582777142524719,3,False,[  0.  15. 130.   0. 153.   9.   0. 126.   8.   0.]
9,0.6014914810657501,0,False,[ 0.  0.  8.  0.  5.  0.  0. 29.  0.  0.]
10,0.5115682482719421,0,False,[0. 0. 8. 0. 2. 0. 0. 9. 0. 0.]
11,-2.0,-2,True,[0. 0. 0. 0. 0. 0. 0. 8. 0. 0.]
11,-2.0,-2,True,[0. 0. 8. 0. 2. 0. 0. 1. 0. 0.]
10,0.19452756643295288,1,False,[ 0.  0.  0.  0.  3.  0.  0. 20.  0.  0.]
11,-2.0,-2,True,[ 0.  0.  0.  0.  0.  0.  0. 10.  0.  0.]
11,-2.0,-2,True,[ 0.  0.  0.  0.  3.  0.  0. 10.  0.  0.]
9,-0.6648307740688324,2,False,[  0.  15. 122.   0. 148.   9.   0.  97.   8.   0.]
10,0.18060285598039627,1,False,[  0.  15. 121.   0. 121.   3.   0.  91.   8.   0.]
11,-2.0,-2,True,[ 0.  8. 35.  0. 55.  3.  0. 11.  0.  0.]
11,-2.0,-2,True,[ 0.  7. 86.  0. 66.  0.  0. 80.  8.  0.]
10,0.9021758735179901,0,False,[ 0.  0.  1.  0. 27.  6.  0.  6.  0.  0.]
11,-2.0,-2,True,[ 0.  0.  0.  0. 27.  0.  0.  6.  0.  0.]
11,-2.0,-2,True,[0. 0. 1. 0. 0. 6. 0. 0. 0. 0.]
7,0.5086274147033691,0,False,[ 32.  36. 111. 106. 328.   6.   0. 137.  78.  19.]
8,0.19175668060779572,1,False,[  0.   0.  22. 106.  61.   2.   0.  16.  12.   0.]
9,-0.5270581841468811,2,False,[ 0.  0.  4.  0. 30.  0.  0. 10. 12.  0.]
10,0.11738751456141472,1,False,[ 0.  0.  0.  0. 21.  0.  0.  8.  0.  0.]
11,-2.0,-2,True,[ 0.  0.  0.  0. 14.  0.  0.  0.  0.  0.]
11,-2.0,-2,True,[0. 0. 0. 0. 7. 0. 0. 8. 0. 0.]
10,0.4962691366672516,0,False,[ 0.  0.  4.  0.  9.  0.  0.  2. 12.  0.]
11,-2.0,-2,True,[0. 0. 4. 0. 9. 0. 0. 2. 0. 0.]
11,-2.0,-2,True,[ 0.  0.  0.  0.  0.  0.  0.  0. 12.  0.]
9,0.31504735350608826,1,False,[  0.   0.  18. 106.  31.   2.   0.   6.   0.   0.]
10,-0.8674242198467255,3,False,[  0.   0.   8. 106.  10.   2.   0.   1.   0.   0.]
11,-2.0,-2,True,[0. 0. 2. 0. 4. 0. 0. 0. 0. 0.]
11,-2.0,-2,True,[  0.   0.   6. 106.   6.   2.   0.   1.   0.   0.]
10,0.42169472575187683,1,False,[ 0.  0. 10.  0. 21.  0.  0.  5.  0.  0.]
11,-2.0,-2,True,[ 0.  0.  0.  0. 15.  0.  0.  0.  0.  0.]
11,-2.0,-2,True,[ 0.  0. 10.  0.  6.  0.  0.  5.  0.  0.]
8,0.4271933287382126,1,False,[ 32.  36.  89.   0. 267.   4.   0. 121.  66.  19.]
9,-0.4824898689985275,2,False,[ 32.  36.  89.   0. 265.   4.   0. 121.  48.  19.]
10,0.32143500447273254,1,False,[ 32.  34.  76.   0. 249.   0.   0. 111.  48.   0.]
11,-2.0,-2,True,[ 32.  23.  59.   0. 165.   0.   0.  98.  48.   0.]
11,-2.0,-2,True,[ 0. 11. 17.  0. 84.  0.  0. 13.  0.  0.]
10,0.7878891229629517,0,False,[ 0.  2. 13.  0. 16.  4.  0. 10.  0. 19.]
11,-2.0,-2,True,[ 0.  2. 13.  0. 12.  4.  0.  9.  0.  0.]
11,-2.0,-2,True,[ 0.  0.  0.  0.  4.  0.  0.  1.  0. 19.]
9,-0.7906819880008698,3,False,[ 0.  0.  0.  0.  2.  0.  0.  0. 18.  0.]
10,-2.0,-2,True,[0. 0. 0. 0. 2. 0. 0. 0. 0. 0.]
10,-2.0,-2,True,[ 0.  0.  0.  0.  0.  0.  0.  0. 18.  0.]
6,-0.875859260559082,3,False,[ 73.  17.  73.   0.  76.   0. 148.  68.  92.   6.]
7,0.4676438421010971,0,False,[  0.   0.   4.   0.   0.   0. 101.   7.   0.   0.]
8,-2.0,-2,True,[0. 0. 0. 0. 0. 0. 0. 5. 0. 0.]
8,0.4592346101999283,1,False,[  0.   0.   4.   0.   0.   0. 101.   2.   0.   0.]
9,-2.0,-2,True,[0. 0. 4. 0. 0. 0. 0. 0. 0. 0.]
9,0.49932992458343506,0,False,[  0.   0.   0.   0.   0.   0. 101.   2.   0.   0.]
10,-2.0,-2,True,[ 0.  0.  0.  0.  0.  0. 53.  0.  0.  0.]
10,0.5256055295467377,1,False,[ 0.  0.  0.  0.  0.  0. 48.  2.  0.  0.]
11,-2.0,-2,True,[0. 0. 0. 0. 0. 0. 0. 2. 0. 0.]
11,-2.0,-2,True,[ 0.  0.  0.  0.  0.  0. 48.  0.  0.  0.]
7,0.4511760473251343,1,False,[73. 17. 69.  0. 76.  0. 47. 61. 92.  6.]
8,-2.0,-2,True,[ 0.  0.  0.  0.  0.  0. 47.  0.  0.  0.]
8,0.6140871644020081,1,False,[73. 17. 69.  0. 76.  0.  0. 61. 92.  6.]
9,0.5823227763175964,1,False,[73. 17. 69.  0. 76.  0.  0. 61. 64.  6.]
10,-0.6648307740688324,2,False,[73.  5. 50.  0. 38.  0.  0. 23. 55.  6.]
11,-2.0,-2,True,[16.  2. 33.  0.  7.  0.  0.  0. 34.  6.]
11,-2.0,-2,True,[57.  3. 17.  0. 31.  0.  0. 23. 21.  0.]
10,-0.6901478171348572,2,False,[ 0. 12. 19.  0. 38.  0.  0. 38.  9.  0.]
11,-2.0,-2,True,[ 0.  2. 13.  0.  4.  0.  0. 24.  0.  0.]
11,-2.0,-2,True,[ 0. 10.  6.  0. 34.  0.  0. 14.  9.  0.]
9,-2.0,-2,True,[ 0.  0.  0.  0.  0.  0.  0.  0. 28.  0.]
5,0.40744633972644806,1,False,[117. 167. 150. 165. 920.  26. 379. 552. 724.  81.]
6,0.5592225193977356,0,False,[104. 141. 135.  34. 789.  26. 379. 480. 632.  81.]
7,-0.8900193572044373,3,False,[  0.  47.  50.  34. 180.  12.   0.  94. 251.   0.]
8,-0.09024826809763908,2,False,[  0.  47.  44.  34. 172.  12.   0.  88. 182.   0.]
9,0.32558876276016235,1,False,[  0.  30.  24.  34. 109.   0.   0.  69.  62.   0.]
10,-0.982780933380127,3,False,[ 0. 18. 17. 34. 69.  0.  0. 61.  6.  0.]
11,-2.0,-2,True,[ 0.  2.  1. 34. 15.  0.  0.  6.  0.  0.]
11,-2.0,-2,True,[ 0. 16. 16.  0. 54.  0.  0. 55.  6.  0.]
10,0.32775096595287323,1,False,[ 0. 12.  7.  0. 40.  0.  0.  8. 56.  0.]
11,-2.0,-2,True,[ 0.  0.  0.  0.  0.  0.  0.  0. 13.  0.]
11,-2.0,-2,True,[ 0. 12.  7.  0. 40.  0.  0.  8. 43.  0.]
9,0.13300977647304535,2,False,[  0.  17.  20.   0.  63.  12.   0.  19. 120.   0.]
10,0.513851135969162,0,False,[  0.  15.   0.   0.  31.   0.   0.   5. 100.   0.]
11,-2.0,-2,True,[ 0.  6.  0.  0. 13.  0.  0.  2. 86.  0.]
11,-2.0,-2,True,[ 0.  9.  0.  0. 18.  0.  0.  3. 14.  0.]
10,0.32285045087337494,1,False,[ 0.  2. 20.  0. 32. 12.  0. 14. 20.  0.]
11,-2.0,-2,True,[ 0.  2. 13.  0. 11. 11.  0. 10. 20.  0.]
11,-2.0,-2,True,[ 0.  0.  7.  0. 21.  1.  0.  4.  0.  0.]
8,0.3337429612874985,0,False,[ 0.  0.  6.  0.  8.  0.  0.  6. 69.  0.]
9,-2.0,-2,True,[0. 0. 5. 0. 0. 0. 0. 0. 0. 0.]
9,0.6775144040584564,2,False,[ 0.  0.  1.  0.  8.  0.  0.  6. 69.  0.]
10,0.38629768788814545,0,False,[ 0.  0.  1.  0.  8.  0.  0.  3. 69.  0.]
11,-2.0,-2,True,[0. 0. 0. 0. 1. 0. 0. 0. 0. 0.]
11,-2.0,-2,True,[ 0.  0.  1.  0.  7.  0.  0.  3. 69.  0.]
10,-2.0,-2,True,[0. 0. 0. 0. 0. 0. 0. 3. 0. 0.]
7,0.3528430610895157,1,False,[104.  94.  85.   0. 609.  14. 379. 386. 381.  81.]
8,-0.2925895005464554,2,False,[104.  74.  74.   0. 578.  14. 254. 354. 338.  81.]
9,0.1308363676071167,1,False,[ 45.  34.  37.   0. 196.   0. 199.  80. 111.  54.]
10,-0.9398212432861328,3,False,[ 10.   1.   3.   0.  37.   0. 139.  18.  26.   0.]
11,-2.0,-2,True,[ 0.  0.  2.  0. 10.  0. 80.  9.  0.  0.]
11,-2.0,-2,True,[10.  1.  1.  0. 27.  0. 59.  9. 26.  0.]
10,-0.951021283864975,3,False,[ 35.  33.  34.   0. 159.   0.  60.  62.  85.  54.]
11,-2.0,-2,True,[ 0.  7.  0.  0. 23.  0. 60.  7. 12.  0.]
11,-2.0,-2,True,[ 35.  26.  34.   0. 136.   0.   0.  55.  73.  54.]
9,0.5611035823822021,0,False,[ 59.  40.  37.   0. 382.  14.  55. 274. 227.  27.]
10,0.56101194024086,0,False,[ 0.  0.  0.  0.  2.  0. 55.  1.  0.  0.]
11,-2.0,-2,True,[0. 0. 0. 0. 2. 0. 0. 1. 0. 0.]
11,-2.0,-2,True,[ 0.  0.  0.  0.  0.  0. 55.  0.  0.  0.]
10,-0.9306894540786743,3,False,[ 59.  40.  37.   0. 380.  14.   0. 273. 227.  27.]
11,-2.0,-2,True,[ 36.  36.  31.   0. 342.   1.   0. 174. 196.  27.]
11,-2.0,-2,True,[23.  4.  6.  0. 38. 13.  0. 99. 31.  0.]
8,-0.05591491982340813,2,False,[  0.  20.  11.   0.  31.   0. 125.  32.  43.   0.]
9,-0.982780933380127,3,False,[ 0. 11. 11.  0. 24.  0.  0. 17. 35.  0.]
10,-0.9941810965538025,3,False,[ 0. 11.  8.  0.  0.  0.  0. 11.  0.  0.]
11,-2.0,-2,True,[0. 0. 0. 0. 0. 0. 0. 9. 0. 0.]
11,-2.0,-2,True,[ 0. 11.  8.  0.  0.  0.  0.  2.  0.  0.]
10,-0.9657041728496552,3,False,[ 0.  0.  3.  0. 24.  0.  0.  6. 35.  0.]
11,-2.0,-2,True,[ 0.  0.  3.  0. 11.  0.  0.  5. 35.  0.]
11,-2.0,-2,True,[ 0.  0.  0.  0. 13.  0.  0.  1.  0.  0.]
9,0.16704543679952621,2,False,[  0.   9.   0.   0.   7.   0. 125.  15.   8.   0.]
10,-0.9986575841903687,3,False,[  0.   6.   0.   0.   2.   0. 125.   7.   0.   0.]
11,-2.0,-2,True,[ 0.  0.  0.  0.  0.  0. 62.  0.  0.  0.]
11,-2.0,-2,True,[ 0.  6.  0.  0.  2.  0. 63.  7.  0.  0.]
10,0.7806318998336792,0,False,[0. 3. 0. 0. 5. 0. 0. 8. 8. 0.]
11,-2.0,-2,True,[0. 3. 0. 0. 5. 0. 0. 6. 0. 0.]
11,-2.0,-2,True,[0. 0. 0. 0. 0. 0. 0. 2. 8. 0.]
6,-0.9123663306236267,3,False,[ 13.  26.  15. 131. 131.   0.   0.  72.  92.   0.]
7,0.6120841801166534,1,False,[ 13.  21.  15.  41. 112.   0.   0.  64.  65.   0.]
8,-0.35768499970436096,2,False,[ 13.  21.  15.  22. 111.   0.   0.  64.  65.   0.]
9,0.48608142137527466,1,False,[ 0.  3.  2.  0. 16.  0.  0.  4. 27.  0.]
10,0.6735681593418121,0,False,[0. 3. 2. 0. 3. 0. 0. 2. 0. 0.]
11,-2.0,-2,True,[0. 3. 0. 0. 3. 0. 0. 0. 0. 0.]
11,-2.0,-2,True,[0. 0. 2. 0. 0. 0. 0. 2. 0. 0.]
10,0.49502305686473846,1,False,[ 0.  0.  0.  0. 13.  0.  0.  2. 27.  0.]
11,-2.0,-2,True,[ 0.  0.  0.  0.  0.  0.  0.  0. 12.  0.]
11,-2.0,-2,True,[ 0.  0.  0.  0. 13.  0.  0.  2. 15.  0.]
9,-0.25950218737125397,2,False,[13. 18. 13. 22. 95.  0.  0. 60. 38.  0.]
10,0.4097569137811661,0,False,[ 0.  2.  0.  0. 32.  0.  0. 12.  0.  0.]
11,-2.0,-2,True,[0. 0. 0. 0. 4. 0. 0. 5. 0. 0.]
11,-2.0,-2,True,[ 0.  2.  0.  0. 28.  0.  0.  7.  0.  0.]
10,0.41594353318214417,1,False,[13. 16. 13. 22. 63.  0.  0. 48. 38.  0.]
11,-2.0,-2,True,[ 0.  0.  0. 22.  6.  0.  0.  5.  0.  0.]
11,-2.0,-2,True,[13. 16. 13.  0. 57.  0.  0. 43. 38.  0.]
8,0.6123839616775513,1,False,[ 0.  0.  0. 19.  1.  0.  0.  0.  0.  0.]
9,-2.0,-2,True,[ 0.  0.  0. 19.  0.  0.  0.  0.  0.  0.]
9,-2.0,-2,True,[0. 0. 0. 0. 1. 0. 0. 0. 0. 0.]
7,0.521047830581665,0,False,[ 0.  5.  0. 90. 19.  0.  0.  8. 27.  0.]
8,0.37525469064712524,0,False,[ 0.  4.  0.  0. 12.  0.  0.  4. 20.  0.]
9,-2.0,-2,True,[ 0.  0.  0.  0.  0.  0.  0.  0. 12.  0.]
9,0.5060656368732452,0,False,[ 0.  4.  0.  0. 12.  0.  0.  4.  8.  0.]
10,0.6031230092048645,1,False,[ 0.  4.  0.  0. 12.  0.  0.  4.  0.  0.]
11,-2.0,-2,True,[ 0.  4.  0.  0. 12.  0.  0.  1.  0.  0.]
11,-2.0,-2,True,[0. 0. 0. 0. 0. 0. 0. 3. 0. 0.]
10,-2.0,-2,True,[0. 0. 0. 0. 0. 0. 0. 0. 8. 0.]
8,0.6007549464702606,0,False,[ 0.  1.  0. 90.  7.  0.  0.  4.  7.  0.]
9,0.5913234651088715,1,False,[ 0.  0.  0. 90.  2.  0.  0.  4.  0.  0.]
10,0.019396796822547913,2,False,[ 0.  0.  0. 90.  2.  0.  0.  3.  0.  0.]
11,-2.0,-2,True,[ 0.  0.  0. 90.  2.  0.  0.  0.  0.  0.]
11,-2.0,-2,True,[0. 0. 0. 0. 0. 0. 0. 3. 0. 0.]
10,-2.0,-2,True,[0. 0. 0. 0. 0. 0. 0. 1. 0. 0.]
9,0.0641746073961258,2,False,[0. 1. 0. 0. 5. 0. 0. 0. 7. 0.]
10,-0.4520554542541504,2,False,[0. 1. 0. 0. 5. 0. 0. 0. 0. 0.]
11,-2.0,-2,True,[0. 1. 0. 0. 0. 0. 0. 0. 0. 0.]
11,-2.0,-2,True,[0. 0. 0. 0. 5. 0. 0. 0. 0. 0.]
10,-2.0,-2,True,[0. 0. 0. 0. 0. 0. 0. 0. 7. 0.]
4,0.5010416507720947,0,False,[ 668.  341. 1876.  560.  880.  238. 2406. 1028.  581.  662.]
5,-0.13727368414402008,3,False,[187.  69. 347. 150. 166.  29.  61. 191.  91.  66.]
6,-0.2386639267206192,3,False,[187.  34. 330. 130. 138.  19.  61. 169.  62.   7.]
7,-0.8238925039768219,2,False,[105.  22. 283.  67. 121.  13.  61. 156.  62.   7.]
8,0.4061273783445358,0,False,[ 53.  16. 247.   0.  94.  13.  61. 113.  23.   7.]
9,-0.8860377967357635,2,False,[28.  1. 92.  0. 40.  9. 61. 52.  0.  0.]
10,-0.35366302728652954,3,False,[11.  0. 54.  0. 27.  1.  0. 38.  0.  0.]
11,-2.0,-2,True,[11.  0. 39.  0.  6.  1.  0. 35.  0.  0.]
11,-2.0,-2,True,[ 0.  0. 15.  0. 21.  0.  0.  3.  0.  0.]
10,-0.8779275715351105,2,False,[17.  1. 38.  0. 13.  8. 61. 14.  0.  0.]
11,-2.0,-2,True,[ 0.  0.  5.  0.  4.  0. 61.  0.  0.  0.]
11,-2.0,-2,True,[17.  1. 33.  0.  9.  8.  0. 14.  0.  0.]
9,0.4921194314956665,0,False,[ 25.  15. 155.   0.  54.   4.   0.  61.  23.   7.]
10,0.40878045558929443,0,False,[  5.  14. 132.   0.  45.   3.   0.  42.   9.   0.]
11,-2.0,-2,True,[0. 0. 5. 0. 1. 0. 0. 2. 9. 0.]
11,-2.0,-2,True,[  5.  14. 127.   0.  44.   3.   0.  40.   0.   0.]
10,0.4923250526189804,0,False,[20.  1. 23.  0.  9.  1.  0. 19. 14.  7.]
11,-2.0,-2,True,[20.  0.  0.  0.  1.  0.  0.  4.  0.  0.]
11,-2.0,-2,True,[ 0.  1. 23.  0.  8.  1.  0. 15. 14.  7.]
8,-0.8038981854915619,2,False,[52.  6. 36. 67. 27.  0.  0. 43. 39.  0.]
9,0.41754138469696045,0,False,[ 0.  2. 12. 67. 10.  0.  0. 11. 15.  0.]
10,0.4042005091905594,0,False,[ 0.  1.  3.  0.  7.  0.  0.  4. 15.  0.]
11,-2.0,-2,True,[0. 1. 3. 0. 5. 0. 0. 2. 0. 0.]
11,-2.0,-2,True,[ 0.  0.  0.  0.  2.  0.  0.  2. 15.  0.]
10,0.25319115817546844,1,False,[ 0.  1.  9. 67.  3.  0.  0.  7.  0.  0.]
11,-2.0,-2,True,[0. 0. 5. 0. 1. 0. 0. 4. 0. 0.]
11,-2.0,-2,True,[ 0.  1.  4. 67.  2.  0.  0.  3.  0.  0.]
9,0.008331626653671265,2,False,[52.  4. 24.  0. 17.  0.  0. 32. 24.  0.]
10,-0.6486055552959442,3,False,[52.  3. 24.  0. 14.  0.  0. 29.  0.  0.]
11,-2.0,-2,True,[37.  0.  4.  0.  2.  0.  0. 13.  0.  0.]
11,-2.0,-2,True,[15.  3. 20.  0. 12.  0.  0. 16.  0.  0.]
10,0.4486344903707504,1,False,[ 0.  1.  0.  0.  3.  0.  0.  3. 24.  0.]
11,-2.0,-2,True,[0. 0. 0. 0. 3. 0. 0. 3. 0. 0.]
11,-2.0,-2,True,[ 0.  1.  0.  0.  0.  0.  0.  0. 24.  0.]
7,0.47997047007083893,0,False,[82. 12. 47. 63. 17.  6.  0. 13.  0.  0.]
8,0.2506520748138428,0,False,[73. 12. 37.  0. 14.  6.  0.  3.  0.  0.]
9,0.18860603123903275,0,False,[37.  1.  0.  0.  0.  0.  0.  0.  0.  0.]
10,-2.0,-2,True,[25.  0.  0.  0.  0.  0.  0.  0.  0.  0.]
10,-2.0,-2,True,[12.  1.  0.  0.  0.  0.  0.  0.  0.  0.]
9,0.4599224030971527,0,False,[36. 11. 37.  0. 14.  6.  0.  3.  0.  0.]
10,-0.21348927915096283,3,False,[ 7.  7. 37.  0.  3.  3.  0.  3.  0.  0.]
11,-2.0,-2,True,[7. 3. 1. 0. 0. 0. 0. 0. 0. 0.]
11,-2.0,-2,True,[ 0.  4. 36.  0.  3.  3.  0.  3.  0.  0.]
10,0.4981106221675873,1,False,[29.  4.  0.  0. 11.  3.  0.  0.  0.  0.]
11,-2.0,-2,True,[29.  4.  0.  0.  8.  3.  0.  0.  0.  0.]
11,-2.0,-2,True,[0. 0. 0. 0. 3. 0. 0. 0. 0. 0.]
8,-0.9750284254550934,2,False,[ 9.  0. 10. 63.  3.  0.  0. 10.  0.  0.]
9,0.4586084634065628,1,False,[ 0.  0.  5. 63.  2.  0.  0.  9.  0.  0.]
10,-0.9865117371082306,2,False,[ 0.  0.  1. 63.  2.  0.  0.  0.  0.  0.]
11,-2.0,-2,True,[0. 0. 1. 0. 0. 0. 0. 0. 0. 0.]
11,-2.0,-2,True,[ 0.  0.  0. 63.  2.  0.  0.  0.  0.  0.]
10,-0.18821973353624344,3,False,[0. 0. 4. 0. 0. 0. 0. 9. 0. 0.]
11,-2.0,-2,True,[0. 0. 0. 0. 0. 0. 0. 4. 0. 0.]
11,-2.0,-2,True,[0. 0. 4. 0. 0. 0. 0. 5. 0. 0.]
9,0.4966253340244293,0,False,[9. 0. 5. 0. 1. 0. 0. 1. 0. 0.]
10,0.4940033107995987,0,False,[0. 0. 5. 0. 1. 0. 0. 1. 0. 0.]
11,-2.0,-2,True,[0. 0. 0. 0. 1. 0. 0. 1. 0. 0.]
11,-2.0,-2,True,[0. 0. 5. 0. 0. 0. 0. 0. 0. 0.]
10,-2.0,-2,True,[9. 0. 0. 0. 0. 0. 0. 0. 0. 0.]
6,0.16199062019586563,1,False,[ 0. 35. 17. 20. 28. 10.  0. 22. 29. 59.]
7,0.4451689273118973,0,False,[ 0.  2.  3.  0.  2.  2.  0. 11.  5. 59.]
8,0.11612475663423538,1,False,[0. 0. 2. 0. 0. 2. 0. 4. 5. 0.]
9,0.41576385498046875,0,False,[0. 0. 2. 0. 0. 2. 0. 4. 0. 0.]
10,-0.09448072873055935,3,False,[0. 0. 2. 0. 0. 2. 0. 0. 0. 0.]
11,-2.0,-2,True,[0. 0. 0. 0. 0. 2. 0. 0. 0. 0.]
11,-2.0,-2,True,[0. 0. 2. 0. 0. 0. 0. 0. 0. 0.]
10,-2.0,-2,True,[0. 0. 0. 0. 0. 0. 0. 4. 0. 0.]
9,-2.0,-2,True,[0. 0. 0. 0. 0. 0. 0. 0. 5. 0.]
8,0.06674297712743282,1,False,[ 0.  2.  1.  0.  2.  0.  0.  7.  0. 59.]
9,-2.0,-2,True,[ 0.  0.  0.  0.  0.  0.  0.  0.  0. 22.]
9,0.49394945800304413,0,False,[ 0.  2.  1.  0.  2.  0.  0.  7.  0. 37.]
10,-0.06879987753927708,3,False,[0. 0. 1. 0. 2. 0. 0. 7. 0. 0.]
11,-2.0,-2,True,[0. 0. 1. 0. 1. 0. 0. 7. 0. 0.]
11,-2.0,-2,True,[0. 0. 0. 0. 1. 0. 0. 0. 0. 0.]
10,-0.09452274069190025,3,False,[ 0.  2.  0.  0.  0.  0.  0.  0.  0. 37.]
11,-2.0,-2,True,[ 0.  0.  0.  0.  0.  0.  0.  0.  0. 37.]
11,-2.0,-2,True,[0. 2. 0. 0. 0. 0. 0. 0. 0. 0.]
7,-0.06879987753927708,3,False,[ 0. 33. 14. 20. 26.  8.  0. 11. 24.  0.]
8,0.4581020623445511,1,False,[ 0. 24.  8.  0. 19.  5.  0.  7.  0.  0.]
9,0.3108566403388977,1,False,[0. 9. 8. 0. 1. 0. 0. 5. 0. 0.]
10,0.2569012865424156,1,False,[0. 9. 0. 0. 1. 0. 0. 5. 0. 0.]
11,-2.0,-2,True,[0. 6. 0. 0. 0. 0. 0. 0. 0. 0.]
11,-2.0,-2,True,[0. 3. 0. 0. 1. 0. 0. 5. 0. 0.]
10,-2.0,-2,True,[0. 0. 8. 0. 0. 0. 0. 0. 0. 0.]
9,-0.10309787839651108,3,False,[ 0. 15.  0.  0. 18.  5.  0.  2.  0.  0.]
10,0.3708347678184509,0,False,[0. 7. 0. 0. 2. 1. 0. 0. 0. 0.]
11,-2.0,-2,True,[0. 0. 0. 0. 2. 1. 0. 0. 0. 0.]
11,-2.0,-2,True,[0. 7. 0. 0. 0. 0. 0. 0. 0. 0.]
10,0.3456997126340866,0,False,[ 0.  8.  0.  0. 16.  4.  0.  2.  0.  0.]
11,-2.0,-2,True,[ 0.  0.  0.  0. 10.  0.  0.  0.  0.  0.]
11,-2.0,-2,True,[0. 8. 0. 0. 6. 4. 0. 2. 0. 0.]
8,0.45675013959407806,0,False,[ 0.  9.  6. 20.  7.  3.  0.  4. 24.  0.]
9,-0.051617756485939026,3,False,[ 0.  9.  6.  0.  5.  3.  0.  3. 17.  0.]
10,0.35830341279506683,0,False,[ 0.  0.  2.  0.  5.  3.  0.  1. 17.  0.]
11,-2.0,-2,True,[ 0.  0.  2.  0.  2.  3.  0.  0. 17.  0.]
11,-2.0,-2,True,[0. 0. 0. 0. 3. 0. 0. 1. 0. 0.]
10,0.5389404892921448,1,False,[0. 9. 4. 0. 0. 0. 0. 2. 0. 0.]
11,-2.0,-2,True,[0. 9. 0. 0. 0. 0. 0. 0. 0. 0.]
11,-2.0,-2,True,[0. 0. 4. 0. 0. 0. 0. 2. 0. 0.]
9,0.32940874993801117,1,False,[ 0.  0.  0. 20.  2.  0.  0.  1.  7.  0.]
10,-2.0,-2,True,[ 0.  0.  0. 20.  0.  0.  0.  0.  0.  0.]
10,0.4989762306213379,0,False,[0. 0. 0. 0. 2. 0. 0. 1. 7. 0.]
11,-2.0,-2,True,[0. 0. 0. 0. 2. 0. 0. 1. 0. 0.]
11,-2.0,-2,True,[0. 0. 0. 0. 0. 0. 0. 0. 7. 0.]
5,0.6678126156330109,0,False,[ 481.  272. 1529.  410.  714.  209. 2345.  837.  490.  596.]
6,0.48256199061870575,1,False,[ 345.  148.  883.  410.  375.  101. 1836.  387.  206.  261.]
7,0.262222021818161,1,False,[ 285.  121.  780.  410.  332.   84. 1185.  340.  193.  144.]
8,0.10541094467043877,1,False,[114.  34. 286.  55. 132.  19. 998. 133.  58.  33.]
9,0.6118742823600769,0,False,[50.  0. 18.  0. 15.  0.  0. 37.  0.  0.]
10,0.6106596291065216,0,False,[50.  0. 17.  0.  8.  0.  0. 17.  0.  0.]
11,-2.0,-2,True,[10.  0. 15.  0.  8.  0.  0. 15.  0.  0.]
11,-2.0,-2,True,[40.  0.  2.  0.  0.  0.  0.  2.  0.  0.]
10,-0.5874369442462921,3,False,[ 0.  0.  1.  0.  7.  0.  0. 20.  0.  0.]
11,-2.0,-2,True,[0. 0. 0. 0. 3. 0. 0. 0. 0. 0.]
11,-2.0,-2,True,[ 0.  0.  1.  0.  4.  0.  0. 20.  0.  0.]
9,0.19530115276575089,1,False,[ 64.  34. 268.  55. 117.  19. 998.  96.  58.  33.]
10,0.14729340374469757,1,False,[ 59.  24. 186.   0.  79.  17. 378.  44.  38.   9.]
11,-2.0,-2,True,[ 18.   9.  50.   0.  46.   6. 311.   7.   8.   0.]
11,-2.0,-2,True,[ 41.  15. 136.   0.  33.  11.  67.  37.  30.   9.]
10,0.22544103115797043,1,False,[  5.  10.  82.  55.  38.   2. 620.  52.  20.  24.]
11,-2.0,-2,True,[  0.   2.  15.   0.  10.   0. 322.  14.   0.   0.]
11,-2.0,-2,True,[  5.   8.  67.  55.  28.   2. 298.  38.  20.  24.]
8,-0.4937572479248047,3,False,[171.  87. 494. 355. 200.  65. 187. 207. 135. 111.]
9,-0.8609291315078735,2,False,[ 76.  20.  80.   0.  65.   6. 130.  44.  41.   0.]
10,0.38730378448963165,1,False,[ 0.  0.  7.  0.  7.  0. 84.  0.  7.  0.]
11,-2.0,-2,True,[0. 0. 2. 0. 4. 0. 0. 0. 7. 0.]
11,-2.0,-2,True,[ 0.  0.  5.  0.  3.  0. 84.  0.  0.  0.]
10,0.667754203081131,0,False,[76. 20. 73.  0. 58.  6. 46. 44. 34.  0.]
11,-2.0,-2,True,[76. 20. 73.  0. 58.  6.  0. 44. 34.  0.]
11,-2.0,-2,True,[ 0.  0.  0.  0.  0.  0. 46.  0.  0.  0.]
9,0.31834952533245087,1,False,[ 95.  67. 414. 355. 135.  59.  57. 163.  94. 111.]
10,-0.9820892214775085,2,False,[ 0. 16. 40.  0. 11. 22.  0. 26. 10. 48.]
11,-2.0,-2,True,[ 0. 10. 13.  0.  4. 16.  0.  3.  5.  0.]
11,-2.0,-2,True,[ 0.  6. 27.  0.  7.  6.  0. 23.  5. 48.]
10,0.3296073377132416,1,False,[ 95.  51. 374. 355. 124.  37.  57. 137.  84.  63.]
11,-2.0,-2,True,[ 29.   1.  45. 166.  16.   7.  57.  11.  18.   0.]
11,-2.0,-2,True,[ 66.  50. 329. 189. 108.  30.   0. 126.  66.  63.]
7,-0.9986298084259033,2,False,[ 60.  27. 103.   0.  43.  17. 651.  47.  13. 117.]
8,0.5915203392505646,0,False,[  0.   0.   0.   0.   1.   5. 142.   0.   0.   0.]
9,-2.0,-2,True,[0. 0. 0. 0. 0. 5. 0. 0. 0. 0.]
9,0.48942244052886963,1,False,[  0.   0.   0.   0.   1.   0. 142.   0.   0.   0.]
10,-2.0,-2,True,[ 0.  0.  0.  0.  0.  0. 71.  0.  0.  0.]
10,0.650915116071701,0,False,[ 0.  0.  0.  0.  1.  0. 71.  0.  0.  0.]
11,-2.0,-2,True,[0. 0. 0. 0. 1. 0. 0. 0. 0. 0.]
11,-2.0,-2,True,[ 0.  0.  0.  0.  0.  0. 71.  0.  0.  0.]
8,-0.952342301607132,2,False,[ 60.  27. 103.   0.  42.  12. 509.  47.  13. 117.]
9,0.5904796421527863,1,False,[ 39.  11.  56.   0.  19.   8. 119.  19.   0. 103.]
10,-0.9710640907287598,2,False,[28. 11. 45.  0. 19.  8.  0. 17.  0. 46.]
11,-2.0,-2,True,[28.  9. 18.  0. 10.  2.  0.  6.  0. 46.]
11,-2.0,-2,True,[ 0.  2. 27.  0.  9.  6.  0. 11.  0.  0.]
10,0.5127776265144348,0,False,[ 11.   0.  11.   0.   0.   0. 119.   2.   0.  57.]
11,-2.0,-2,True,[  0.   0.   6.   0.   0.   0. 119.   2.   0.  38.]
11,-2.0,-2,True,[11.  0.  5.  0.  0.  0.  0.  0.  0. 19.]
9,0.5825672745704651,1,False,[ 21.  16.  47.   0.  23.   4. 390.  28.  13.  14.]
10,-0.40147311985492706,3,False,[ 17.  13.  33.   0.  19.   4. 197.  21.  13.  14.]
11,-2.0,-2,True,[ 12.  12.  24.   0.  17.   0. 197.   9.   0.  14.]
11,-2.0,-2,True,[ 5.  1.  9.  0.  2.  4.  0. 12. 13.  0.]
10,0.5245152115821838,0,False,[  4.   3.  14.   0.   4.   0. 193.   7.   0.   0.]
11,-2.0,-2,True,[  0.   3.   5.   0.   0.   0. 193.   7.   0.   0.]
11,-2.0,-2,True,[4. 0. 9. 0. 4. 0. 0. 0. 0. 0.]
6,-0.957449734210968,2,False,[136. 124. 646.   0. 339. 108. 509. 450. 284. 335.]
7,0.4095398783683777,1,False,[ 77.  77. 263.   0. 115.  59. 263. 157. 139. 276.]
8,0.7846108376979828,0,False,[ 77.  71. 258.   0. 111.  56. 167. 157. 139. 257.]
9,0.6721042692661285,0,False,[ 64.  38. 118.   0.  54.  23.   0.  53.  70. 174.]
10,-0.25534383952617645,3,False,[27.  7.  4.  0.  3.  0.  0.  7.  0.  0.]
11,-2.0,-2,True,[27.  0.  0.  0.  0.  0.  0.  0.  0.  0.]
11,-2.0,-2,True,[0. 7. 4. 0. 3. 0. 0. 7. 0. 0.]
10,-0.9946339726448059,2,False,[ 37.  31. 114.   0.  51.  23.   0.  46.  70. 174.]
11,-2.0,-2,True,[ 5.  7. 50.  0. 20.  0.  0.  7. 26. 16.]
11,-2.0,-2,True,[ 32.  24.  64.   0.  31.  23.   0.  39.  44. 158.]
9,0.22620433568954468,1,False,[ 13.  33. 140.   0.  57.  33. 167. 104.  69.  83.]
10,0.12082749605178833,1,False,[ 13.  25. 115.   0.  46.  23.  50.  93.  69.  49.]
11,-2.0,-2,True,[ 0.  6. 10.  0.  5.  4. 50.  5.  0.  0.]
11,-2.0,-2,True,[ 13.  19. 105.   0.  41.  19.   0.  88.  69.  49.]
10,-0.17128679901361465,3,False,[  0.   8.  25.   0.  11.  10. 117.  11.   0.  34.]
11,-2.0,-2,True,[  0.   3.  17.   0.  10.   2. 117.   3.   0.   0.]
11,-2.0,-2,True,[ 0.  5.  8.  0.  1.  8.  0.  8.  0. 34.]
8,-0.21348927915096283,3,False,[ 0.  6.  5.  0.  4.  3. 96.  0.  0. 19.]
9,0.44681739807128906,1,False,[ 0.  4.  0.  0.  1.  0. 96.  0.  0.  0.]
10,-0.25534383952617645,3,False,[ 0.  0.  0.  0.  1.  0. 96.  0.  0.  0.]
11,-2.0,-2,True,[0. 0. 0. 0. 1. 0. 0. 0. 0. 0.]
11,-2.0,-2,True,[ 0.  0.  0.  0.  0.  0. 96.  0.  0.  0.]
10,-2.0,-2,True,[0. 4. 0. 0. 0. 0. 0. 0. 0. 0.]
9,0.7582796812057495,0,False,[ 0.  2.  5.  0.  3.  3.  0.  0.  0. 19.]
10,0.4204675257205963,1,False,[0. 2. 4. 0. 2. 3. 0. 0. 0. 0.]
11,-2.0,-2,True,[0. 0. 4. 0. 0. 0. 0. 0. 0. 0.]
11,-2.0,-2,True,[0. 2. 0. 0. 2. 3. 0. 0. 0. 0.]
10,-0.9871078729629517,2,False,[ 0.  0.  1.  0.  1.  0.  0.  0.  0. 19.]
11,-2.0,-2,True,[0. 0. 1. 0. 1. 0. 0. 0. 0. 0.]
11,-2.0,-2,True,[ 0.  0.  0.  0.  0.  0.  0.  0.  0. 19.]
7,0.7337896525859833,0,False,[ 59.  47. 383.   0. 224.  49. 246. 293. 145.  59.]
8,-0.9353333115577698,2,False,[  0.  17. 151.   0.  65.   0.   0.  65.  77.  31.]
9,-0.3212577700614929,3,False,[ 0.  3. 46.  0.  8.  0.  0. 10.  0.  0.]
10,0.6738667786121368,0,False,[ 0.  0. 23.  0.  0.  0.  0.  4.  0.  0.]
11,-2.0,-2,True,[0. 0. 0. 0. 0. 0. 0. 2. 0. 0.]
11,-2.0,-2,True,[ 0.  0. 23.  0.  0.  0.  0.  2.  0.  0.]
10,0.6860503256320953,0,False,[ 0.  3. 23.  0.  8.  0.  0.  6.  0.  0.]
11,-2.0,-2,True,[ 0.  0. 16.  0.  0.  0.  0.  2.  0.  0.]
11,-2.0,-2,True,[0. 3. 7. 0. 8. 0. 0. 4. 0. 0.]
9,-0.8429103195667267,2,False,[  0.  14. 105.   0.  57.   0.   0.  55.  77.  31.]
10,0.6816855669021606,0,False,[ 0. 10. 90.  0. 27.  0.  0. 37. 64. 31.]
11,-2.0,-2,True,[ 0.  6. 23.  0. 14.  0.  0.  6. 41.  0.]
11,-2.0,-2,True,[ 0.  4. 67.  0. 13.  0.  0. 31. 23. 31.]
10,0.1423764005303383,1,False,[ 0.  4. 15.  0. 30.  0.  0. 18. 13.  0.]
11,-2.0,-2,True,[ 0.  0.  1.  0.  1.  0.  0.  0. 13.  0.]
11,-2.0,-2,True,[ 0.  4. 14.  0. 29.  0.  0. 18.  0.  0.]
8,0.734912633895874,0,False,[ 59.  30. 232.   0. 159.  49. 246. 228.  68.  28.]
9,-0.9150163233280182,2,False,[ 0.  0.  0.  0.  0.  0. 65.  7.  0.  0.]
10,-2.0,-2,True,[ 0.  0.  0.  0.  0.  0. 65.  0.  0.  0.]
10,-2.0,-2,True,[0. 0. 0. 0. 0. 0. 0. 7. 0. 0.]
9,-0.8238925039768219,2,False,[ 59.  30. 232.   0. 159.  49. 181. 221.  68.  28.]
10,-0.4327595680952072,3,False,[ 36.  26. 183.   0. 105.  43.  48. 146.  49.  11.]
11,-2.0,-2,True,[25.  9. 72.  0. 56. 37. 48. 65. 21.  0.]
11,-2.0,-2,True,[ 11.  17. 111.   0.  49.   6.   0.  81.  28.  11.]
10,-0.570237010717392,3,False,[ 23.   4.  49.   0.  54.   6. 133.  75.  19.  17.]
11,-2.0,-2,True,[ 23.   4.  49.   0.  54.   3. 133.  47.  19.  17.]
11,-2.0,-2,True,[ 0.  0.  0.  0.  0.  3.  0. 28.  0.  0.]
3,-0.6870273351669312,3,False,[ 110.   38.   42. 1046.  120.   27.    0.   83.   43.   24.]
4,0.4906827211380005,0,False,[ 32.   3.   8. 495.  42.   2.   0.  35.  24.   0.]
5,-0.8063604533672333,3,False,[ 32.   1.   4. 495.  21.   2.   0.   4.  10.   0.]
6,0.3439158648252487,0,False,[ 32.   0.   0. 309.  19.   0.   0.   4.  10.   0.]
7,0.6776228547096252,1,False,[32.  0.  0.  0.  6.  0.  0.  0.  0.  0.]
8,0.1921156719326973,0,False,[32.  0.  0.  0.  2.  0.  0.  0.  0.  0.]
9,-2.0,-2,True,[0. 0. 0. 0. 2. 0. 0. 0. 0. 0.]
9,-2.0,-2,True,[32.  0.  0.  0.  0.  0.  0.  0.  0.  0.]
8,-2.0,-2,True,[0. 0. 0. 0. 4. 0. 0. 0. 0. 0.]
7,0.7337508201599121,1,False,[  0.   0.   0. 309.  13.   0.   0.   4.  10.   0.]
8,-0.05566655658185482,2,False,[  0.   0.   0. 309.  10.   0.   0.   1.   0.   0.]
9,0.4706011414527893,0,False,[  0.   0.   0. 309.  10.   0.   0.   0.   0.   0.]
10,0.7198644876480103,1,False,[  0.   0.   0. 269.   6.   0.   0.   0.   0.   0.]
11,-2.0,-2,True,[  0.   0.   0. 269.   4.   0.   0.   0.   0.   0.]
11,-2.0,-2,True,[0. 0. 0. 0. 2. 0. 0. 0. 0. 0.]
10,0.6966468095779419,1,False,[ 0.  0.  0. 40.  4.  0.  0.  0.  0.  0.]
11,-2.0,-2,True,[0. 0. 0. 0. 4. 0. 0. 0. 0. 0.]
11,-2.0,-2,True,[ 0.  0.  0. 40.  0.  0.  0.  0.  0.  0.]
9,-2.0,-2,True,[0. 0. 0. 0. 0. 0. 0. 1. 0. 0.]
8,0.4050270915031433,0,False,[ 0.  0.  0.  0.  3.  0.  0.  3. 10.  0.]
9,-0.463469535112381,2,False,[0. 0. 0. 0. 3. 0. 0. 2. 0. 0.]
10,-2.0,-2,True,[0. 0. 0. 0. 0. 0. 0. 2. 0. 0.]
10,-2.0,-2,True,[0. 0. 0. 0. 3. 0. 0. 0. 0. 0.]
9,0.4434840530157089,0,False,[ 0.  0.  0.  0.  0.  0.  0.  1. 10.  0.]
10,-2.0,-2,True,[ 0.  0.  0.  0.  0.  0.  0.  0. 10.  0.]
10,-2.0,-2,True,[0. 0. 0. 0. 0. 0. 0. 1. 0. 0.]
6,-0.6118637323379517,2,False,[  0.   1.   4. 186.   2.   2.   0.   0.   0.   0.]
7,-0.7747692167758942,3,False,[  0.   1.   4. 100.   2.   2.   0.   0.   0.   0.]
8,-2.0,-2,True,[0. 1. 0. 0. 0. 0. 0. 0. 0. 0.]
8,-0.6838180720806122,2,False,[  0.   0.   4. 100.   2.   2.   0.   0.   0.   0.]
9,0.4474397897720337,0,False,[ 0.  0.  0. 48.  0.  2.  0.  0.  0.  0.]
10,-2.0,-2,True,[0. 0. 0. 0. 0. 2. 0. 0. 0. 0.]
10,-2.0,-2,True,[ 0.  0.  0. 48.  0.  0.  0.  0.  0.  0.]
9,0.48018795251846313,0,False,[ 0.  0.  4. 52.  2.  0.  0.  0.  0.  0.]
10,0.7276602983474731,1,False,[ 0.  0.  0. 52.  2.  0.  0.  0.  0.  0.]
11,-2.0,-2,True,[ 0.  0.  0. 52.  0.  0.  0.  0.  0.  0.]
11,-2.0,-2,True,[0. 0. 0. 0. 2. 0. 0. 0. 0. 0.]
10,-2.0,-2,True,[0. 0. 4. 0. 0. 0. 0. 0. 0. 0.]
7,-2.0,-2,True,[ 0.  0.  0. 86.  0.  0.  0.  0.  0.  0.]
5,0.6020435392856598,0,False,[ 0.  2.  4.  0. 21.  0.  0. 31. 14.  0.]
6,0.673831582069397,1,False,[ 0.  2.  0.  0. 19.  0.  0. 14.  0.  0.]
7,0.5325618386268616,0,False,[ 0.  2.  0.  0.  7.  0.  0. 12.  0.  0.]
8,0.6398182809352875,1,False,[ 0.  0.  0.  0.  4.  0.  0. 12.  0.  0.]
9,0.6197762191295624,1,False,[0. 0. 0. 0. 4. 0. 0. 4. 0. 0.]
10,-2.0,-2,True,[0. 0. 0. 0. 0. 0. 0. 3. 0. 0.]
10,-0.5081071108579636,2,False,[0. 0. 0. 0. 4. 0. 0. 1. 0. 0.]
11,-2.0,-2,True,[0. 0. 0. 0. 3. 0. 0. 0. 0. 0.]
11,-2.0,-2,True,[0. 0. 0. 0. 1. 0. 0. 1. 0. 0.]
9,-2.0,-2,True,[0. 0. 0. 0. 0. 0. 0. 8. 0. 0.]
8,0.5452297329902649,0,False,[0. 2. 0. 0. 3. 0. 0. 0. 0. 0.]
9,-2.0,-2,True,[0. 0. 0. 0. 3. 0. 0. 0. 0. 0.]
9,-2.0,-2,True,[0. 2. 0. 0. 0. 0. 0. 0. 0. 0.]
7,-0.28947366029024124,2,False,[ 0.  0.  0.  0. 12.  0.  0.  2.  0.  0.]
8,-2.0,-2,True,[0. 0. 0. 0. 9. 0. 0. 0. 0. 0.]
8,0.7258208096027374,1,False,[0. 0. 0. 0. 3. 0. 0. 2. 0. 0.]
9,-2.0,-2,True,[0. 0. 0. 0. 3. 0. 0. 0. 0. 0.]
9,-2.0,-2,True,[0. 0. 0. 0. 0. 0. 0. 2. 0. 0.]
6,0.7174538373947144,1,False,[ 0.  0.  4.  0.  2.  0.  0. 17. 14.  0.]
7,0.6053652763366699,0,False,[ 0.  0.  0.  0.  0.  0.  0.  1. 14.  0.]
8,-2.0,-2,True,[ 0.  0.  0.  0.  0.  0.  0.  0. 14.  0.]
8,-2.0,-2,True,[0. 0. 0. 0. 0. 0. 0. 1. 0. 0.]
7,-0.8482751250267029,3,False,[ 0.  0.  4.  0.  2.  0.  0. 16.  0.  0.]
8,-0.9392238259315491,3,False,[0. 0. 4. 0. 2. 0. 0. 1. 0. 0.]
9,0.04731963574886322,2,False,[0. 0. 0. 0. 1. 0. 0. 1. 0. 0.]
10,-2.0,-2,True,[0. 0. 0. 0. 0. 0. 0. 1. 0. 0.]
10,-2.0,-2,True,[0. 0. 0. 0. 1. 0. 0. 0. 0. 0.]
9,0.743551105260849,1,False,[0. 0. 4. 0. 1. 0. 0. 0. 0. 0.]
10,-2.0,-2,True,[0. 0. 4. 0. 0. 0. 0. 0. 0. 0.]
10,-2.0,-2,True,[0. 0. 0. 0. 1. 0. 0. 0. 0. 0.]
8,-2.0,-2,True,[ 0.  0.  0.  0.  0.  0.  0. 15.  0.  0.]
4,-0.622023731470108,3,False,[ 78.  35.  34. 551.  78.  25.   0.  48.  19.  24.]
5,-0.7665452361106873,2,False,[37.  0.  0.  0.  5.  0.  0.  1.  8.  0.]
6,0.6486917734146118,1,False,[11.  0.  0.  0.  4.  0.  0.  0.  8.  0.]
7,-2.0,-2,True,[0. 0. 0. 0. 0. 0. 0. 0. 8. 0.]
7,0.6692532896995544,1,False,[11.  0.  0.  0.  4.  0.  0.  0.  0.  0.]
8,-2.0,-2,True,[11.  0.  0.  0.  0.  0.  0.  0.  0.  0.]
8,-2.0,-2,True,[0. 0. 0. 0. 4. 0. 0. 0. 0. 0.]
6,-0.7382990121841431,2,False,[26.  0.  0.  0.  1.  0.  0.  1.  0.  0.]
7,-2.0,-2,True,[26.  0.  0.  0.  0.  0.  0.  0.  0.  0.]
7,0.6807333827018738,1,False,[0. 0. 0. 0. 1. 0. 0. 1. 0. 0.]
8,-2.0,-2,True,[0. 0. 0. 0. 0. 0. 0. 1. 0. 0.]
8,-2.0,-2,True,[0. 0. 0. 0. 1. 0. 0. 0. 0. 0.]
5,-0.10309787839651108,3,False,[ 41.  35.  34. 551.  73.  25.   0.  47.  11.  24.]
6,0.5546838939189911,0,False,[ 41.  27.  34. 476.  64.  13.   0.  41.   0.   0.]
7,0.2950292378664017,0,False,[ 28.  20.  17. 476.  40.   8.   0.  22.   0.   0.]
8,0.15752432495355606,0,False,[19.  1.  0.  0. 11.  3.  0.  2.  0.  0.]
9,-2.0,-2,True,[19.  0.  0.  0.  0.  0.  0.  0.  0.  0.]
9,-0.985183596611023,2,False,[ 0.  1.  0.  0. 11.  3.  0.  2.  0.  0.]
10,-2.0,-2,True,[0. 0. 0. 0. 0. 3. 0. 0. 0. 0.]
10,0.28728732466697693,0,False,[ 0.  1.  0.  0. 11.  0.  0.  2.  0.  0.]
11,-2.0,-2,True,[ 0.  1.  0.  0. 11.  0.  0.  0.  0.  0.]
11,-2.0,-2,True,[0. 0. 0. 0. 0. 0. 0. 2. 0. 0.]
8,0.7210648953914642,1,False,[  9.  19.  17. 476.  29.   5.   0.  20.   0.   0.]
9,-0.793542206287384,2,False,[  0.  13.  11. 476.  13.   5.   0.   4.   0.   0.]
10,0.6440416574478149,1,False,[  0.  13.   7. 476.  13.   5.   0.   4.   0.   0.]
11,-2.0,-2,True,[ 0.  8.  7. 60.  7.  0.  0.  4.  0.  0.]
11,-2.0,-2,True,[  0.   5.   0. 416.   6.   5.   0.   0.   0.   0.]
10,-2.0,-2,True,[0. 0. 4. 0. 0. 0. 0. 0. 0. 0.]
9,0.7246188521385193,1,False,[ 9.  6.  6.  0. 16.  0.  0. 16.  0.  0.]
10,-0.16258995980024338,3,False,[9. 0. 0. 0. 3. 0. 0. 0. 0. 0.]
11,-2.0,-2,True,[0. 0. 0. 0. 3. 0. 0. 0. 0. 0.]
11,-2.0,-2,True,[9. 0. 0. 0. 0. 0. 0. 0. 0. 0.]
10,0.7254231870174408,1,False,[ 0.  6.  6.  0. 13.  0.  0. 16.  0.  0.]
11,-2.0,-2,True,[ 0.  0.  0.  0.  0.  0.  0. 12.  0.  0.]
11,-2.0,-2,True,[ 0.  6.  6.  0. 13.  0.  0.  4.  0.  0.]
7,0.6163730621337891,0,False,[13.  7. 17.  0. 24.  5.  0. 19.  0.  0.]
8,0.6084688007831573,0,False,[ 0.  7. 17.  0. 22.  5.  0. 19.  0.  0.]
9,0.7012248933315277,1,False,[ 0.  7. 15.  0.  9.  3.  0. 19.  0.  0.]
10,-0.18816396594047546,3,False,[0. 6. 9. 0. 9. 0. 0. 1. 0. 0.]
11,-2.0,-2,True,[0. 0. 5. 0. 9. 0. 0. 1. 0. 0.]
11,-2.0,-2,True,[0. 6. 4. 0. 0. 0. 0. 0. 0. 0.]
10,0.595631867647171,0,False,[ 0.  1.  6.  0.  0.  3.  0. 18.  0.  0.]
11,-2.0,-2,True,[ 0.  1.  0.  0.  0.  0.  0. 14.  0.  0.]
11,-2.0,-2,True,[0. 0. 6. 0. 0. 3. 0. 4. 0. 0.]
9,-0.3108366131782532,3,False,[ 0.  0.  2.  0. 13.  2.  0.  0.  0.  0.]
10,-0.5009447932243347,3,False,[0. 0. 2. 0. 7. 2. 0. 0. 0. 0.]
11,-2.0,-2,True,[0. 0. 0. 0. 5. 0. 0. 0. 0. 0.]
11,-2.0,-2,True,[0. 0. 2. 0. 2. 2. 0. 0. 0. 0.]
10,-2.0,-2,True,[0. 0. 0. 0. 6. 0. 0. 0. 0. 0.]
8,0.6209536790847778,0,False,[13.  0.  0.  0.  2.  0.  0.  0.  0.  0.]
9,-2.0,-2,True,[13.  0.  0.  0.  0.  0.  0.  0.  0.  0.]
9,-2.0,-2,True,[0. 0. 0. 0. 2. 0. 0. 0. 0. 0.]
6,0.446705624461174,0,False,[ 0.  8.  0. 75.  9. 12.  0.  6. 11. 24.]
7,-0.051617756485939026,3,False,[ 0.  3.  0. 75.  3.  1.  0.  1.  0. 24.]
8,0.40160611271858215,0,False,[ 0.  0.  0. 37.  3.  1.  0.  1.  0. 24.]
9,-0.9968534409999847,2,False,[ 0.  0.  0. 37.  3.  0.  0.  1.  0.  0.]
10,-2.0,-2,True,[ 0.  0.  0. 37.  2.  0.  0.  0.  0.  0.]
10,0.7221628725528717,1,False,[0. 0. 0. 0. 1. 0. 0. 1. 0. 0.]
11,-2.0,-2,True,[0. 0. 0. 0. 0. 0. 0. 1. 0. 0.]
11,-2.0,-2,True,[0. 0. 0. 0. 1. 0. 0. 0. 0. 0.]
9,0.43025627732276917,0,False,[ 0.  0.  0.  0.  0.  1.  0.  0.  0. 24.]
10,-2.0,-2,True,[ 0.  0.  0.  0.  0.  0.  0.  0.  0. 24.]
10,-2.0,-2,True,[0. 0. 0. 0. 0. 1. 0. 0. 0. 0.]
8,0.7223478853702545,1,False,[ 0.  3.  0. 38.  0.  0.  0.  0.  0.  0.]
9,-2.0,-2,True,[ 0.  0.  0. 38.  0.  0.  0.  0.  0.  0.]
9,-2.0,-2,True,[0. 3. 0. 0. 0. 0. 0. 0. 0. 0.]
7,0.7365943491458893,1,False,[ 0.  5.  0.  0.  6. 11.  0.  5. 11.  0.]
8,0.6959369778633118,1,False,[ 0.  5.  0.  0.  5. 11.  0.  5.  0.  0.]
9,0.5356176197528839,0,False,[0. 4. 0. 0. 0. 0. 0. 5. 0. 0.]
10,-2.0,-2,True,[0. 0. 0. 0. 0. 0. 0. 5. 0. 0.]
10,-2.0,-2,True,[0. 4. 0. 0. 0. 0. 0. 0. 0. 0.]
9,0.5449530184268951,0,False,[ 0.  1.  0.  0.  5. 11.  0.  0.  0.  0.]
10,0.6987943649291992,1,False,[ 0.  1.  0.  0.  0. 11.  0.  0.  0.  0.]
11,-2.0,-2,True,[0. 1. 0. 0. 0. 2. 0. 0. 0. 0.]
11,-2.0,-2,True,[0. 0. 0. 0. 0. 9. 0. 0. 0. 0.]
10,-2.0,-2,True,[0. 0. 0. 0. 5. 0. 0. 0. 0. 0.]
8,0.7441242039203644,1,False,[ 0.  0.  0.  0.  1.  0.  0.  0. 11.  0.]
9,-2.0,-2,True,[ 0.  0.  0.  0.  0.  0.  0.  0. 11.  0.]
9,-2.0,-2,True,[0. 0. 0. 0. 1. 0. 0. 0. 0. 0.]
2,0.6457614004611969,1,False,[3900. 4362. 2690. 3154. 2356. 4891. 1941. 3004. 3443. 4128.]
3,0.13300977647304535,2,False,[3810. 4299. 2667. 2351. 2322. 4780. 1941. 2969. 3414. 4128.]
4,-0.6118637323379517,2,False,[3785. 4039. 2502. 2351. 2301. 4487. 1941. 2290. 1462. 4002.]
5,-0.9291070103645325,2,False,[1953. 3470. 1475. 1853. 1008. 3421. 1253.  865.  430. 2580.]
6,0.2569814473390579,1,False,[ 791. 1554.  688. 1283.  387.  968.  445.  388.  286. 1680.]
7,0.6249576807022095,0,False,[271. 368. 270.  95. 161. 388. 204. 162. 214. 939.]
8,0.6101824939250946,0,False,[ 46. 147. 105.  95.  44. 111. 204.  51.  52. 152.]
9,0.18415917456150055,1,False,[ 36. 140. 101.  95.  41.  89.  63.  51.  52. 133.]
10,0.2386639267206192,3,False,[ 36. 114.  93.   0.  35.  66.  63.  44.  52. 133.]
11,-2.0,-2,True,[30. 45. 66.  0. 25. 32. 63. 33. 38. 31.]
11,-2.0,-2,True,[  6.  69.  27.   0.  10.  34.   0.  11.  14. 102.]
10,-0.952342301607132,2,False,[ 0. 26.  8. 95.  6. 23.  0.  7.  0.  0.]
11,-2.0,-2,True,[ 0. 18.  8. 95.  6. 20.  0.  3.  0.  0.]
11,-2.0,-2,True,[0. 8. 0. 0. 0. 3. 0. 4. 0. 0.]
9,0.10291462577879429,3,False,[ 10.   7.   4.   0.   3.  22. 141.   0.   0.  19.]
10,0.19800658524036407,1,False,[  0.   2.   2.   0.   1.   0. 141.   0.   0.   0.]
11,-2.0,-2,True,[  0.   0.   1.   0.   0.   0. 141.   0.   0.   0.]
11,-2.0,-2,True,[0. 2. 1. 0. 1. 0. 0. 0. 0. 0.]
10,-0.952342301607132,2,False,[10.  5.  2.  0.  2. 22.  0.  0.  0. 19.]
11,-2.0,-2,True,[10.  4.  0.  0.  1. 22.  0.  0.  0.  0.]
11,-2.0,-2,True,[ 0.  1.  2.  0.  1.  0.  0.  0.  0. 19.]
8,0.7452998459339142,0,False,[225. 221. 165.   0. 117. 277.   0. 111. 162. 787.]
9,-0.985183596611023,2,False,[ 18.  88.  47.   0.  37.  54.   0.  13.  35. 345.]
10,0.18253006786108017,1,False,[18. 39. 16.  0. 17. 14.  0. 12. 35. 94.]
11,-2.0,-2,True,[ 0. 20.  8.  0. 13. 11.  0.  7. 35. 94.]
11,-2.0,-2,True,[18. 19.  8.  0.  4.  3.  0.  5.  0.  0.]
10,0.0934612974524498,1,False,[  0.  49.  31.   0.  20.  40.   0.   1.   0. 251.]
11,-2.0,-2,True,[ 0. 10.  0.  0.  2.  0.  0.  0.  0.  0.]
11,-2.0,-2,True,[  0.  39.  31.   0.  18.  40.   0.   1.   0. 251.]
9,0.7899293601512909,0,False,[207. 133. 118.   0.  80. 223.   0.  98. 127. 442.]
10,0.13153748214244843,1,False,[76. 21. 27.  0. 11. 61.  0. 23.  0. 35.]
11,-2.0,-2,True,[54.  3.  3.  0.  2. 14.  0.  7.  0.  0.]
11,-2.0,-2,True,[22. 18. 24.  0.  9. 47.  0. 16.  0. 35.]
10,-0.952342301607132,2,False,[131. 112.  91.   0.  69. 162.   0.  75. 127. 407.]
11,-2.0,-2,True,[103.  85.  75.   0.  52. 118.   0.  62. 117. 384.]
11,-2.0,-2,True,[28. 27. 16.  0. 17. 44.  0. 13. 10. 23.]
7,0.6372741460800171,0,False,[ 520. 1186.  418. 1188.  226.  580.  241.  226.   72.  741.]
8,0.6235867440700531,0,False,[ 283.  700.  226. 1188.  149.  372.   62.  134.   35.  471.]
9,0.2616980969905853,1,False,[272. 653. 223. 745. 137. 361.  62. 117.  26. 471.]
10,0.5603175759315491,0,False,[  0.  12.   0. 344.   1.  13.   0.   1.   8.   0.]
11,-2.0,-2,True,[  0.   6.   0. 344.   0.  11.   0.   0.   8.   0.]
11,-2.0,-2,True,[0. 6. 0. 0. 1. 2. 0. 1. 0. 0.]
10,0.20509690046310425,3,False,[272. 641. 223. 401. 136. 348.  62. 116.  18. 471.]
11,-2.0,-2,True,[108. 237.  90. 327.  71. 116.   0.  46.  18. 300.]
11,-2.0,-2,True,[164. 404. 133.  74.  65. 232.  62.  70.   0. 171.]
9,0.6297164261341095,0,False,[ 11.  47.   3. 443.  12.  11.   0.  17.   9.   0.]
10,0.03442033752799034,3,False,[ 11.  19.   3. 371.   1.   7.   0.   5.   0.   0.]
11,-2.0,-2,True,[0. 0. 1. 0. 0. 0. 0. 3. 0. 0.]
11,-2.0,-2,True,[ 11.  19.   2. 371.   1.   7.   0.   2.   0.   0.]
10,0.17128679901361465,3,False,[ 0. 28.  0. 72. 11.  4.  0. 12.  9.  0.]
11,-2.0,-2,True,[ 0.  5.  0. 72.  3.  4.  0. 10.  9.  0.]
11,-2.0,-2,True,[ 0. 23.  0.  0.  8.  0.  0.  2.  0.  0.]
8,0.7546131014823914,0,False,[237. 486. 192.   0.  77. 208. 179.  92.  37. 270.]
9,0.5180703103542328,1,False,[188. 432. 130.   0.  58. 152.  55.  66.  37.  62.]
10,0.7073590457439423,0,False,[188. 424. 126.   0.  55. 145.   0.  64.  37.  62.]
11,-2.0,-2,True,[ 93. 342.  91.   0.  26.  96.   0.  45.  37.  53.]
11,-2.0,-2,True,[95. 82. 35.  0. 29. 49.  0. 19.  0.  9.]
10,-0.9495771527290344,2,False,[ 0.  8.  4.  0.  3.  7. 55.  2.  0.  0.]
11,-2.0,-2,True,[0. 8. 4. 0. 2. 7. 0. 2. 0. 0.]
11,-2.0,-2,True,[ 0.  0.  0.  0.  1.  0. 55.  0.  0.  0.]
9,0.9966394603252411,0,False,[ 49.  54.  62.   0.  19.  56. 124.  26.   0. 208.]
10,-0.9879860579967499,2,False,[ 49.  54.  59.   0.  19.  56.  59.  26.   0. 208.]
11,-2.0,-2,True,[  0.   7.  17.   0.   6.  10.   0.  13.   0. 125.]
11,-2.0,-2,True,[49. 47. 42.  0. 13. 46. 59. 13.  0. 83.]
10,-0.9733220636844635,2,False,[ 0.  0.  3.  0.  0.  0. 65.  0.  0.  0.]
11,-2.0,-2,True,[ 0.  0.  0.  0.  0.  0. 65.  0.  0.  0.]
11,-2.0,-2,True,[0. 0. 3. 0. 0. 0. 0. 0. 0. 0.]
6,0.2563077211380005,1,False,[1162. 1916.  787.  570.  621. 2453.  808.  477.  144.  900.]
7,-0.9014683067798615,2,False,[ 286.  482.  307.    0.  249. 1165.  455.  222.   45.  625.]
8,-0.9158303439617157,2,False,[ 16.  80.  47.   0.  22. 156. 234.  29.  15. 181.]
9,-0.9226053655147552,2,False,[16. 48. 29.  0. 13. 73.  0. 16. 15. 93.]
10,0.22000133991241455,1,False,[ 0. 27. 21.  0.  6. 48.  0. 10.  5. 10.]
11,-2.0,-2,True,[ 0. 13. 18.  0.  6. 48.  0. 10.  5. 10.]
11,-2.0,-2,True,[ 0. 14.  3.  0.  0.  0.  0.  0.  0.  0.]
10,0.09917343035340309,1,False,[16. 21.  8.  0.  7. 25.  0.  6. 10. 83.]
11,-2.0,-2,True,[16.  2.  0.  0.  0.  0.  0.  0.  0.  0.]
11,-2.0,-2,True,[ 0. 19.  8.  0.  7. 25.  0.  6. 10. 83.]
9,0.17430831491947174,1,False,[  0.  32.  18.   0.   9.  83. 234.  13.   0.  88.]
10,0.6083538830280304,0,False,[ 0. 20. 15.  0.  6. 61.  0.  8.  0. 88.]
11,-2.0,-2,True,[ 0.  9. 10.  0.  2. 24.  0.  1.  0.  0.]
11,-2.0,-2,True,[ 0. 11.  5.  0.  4. 37.  0.  7.  0. 88.]
10,0.6138102412223816,0,False,[  0.  12.   3.   0.   3.  22. 234.   5.   0.   0.]
11,-2.0,-2,True,[ 0.  4.  0.  0.  1. 12.  0.  4.  0.  0.]
11,-2.0,-2,True,[  0.   8.   3.   0.   2.  10. 234.   1.   0.   0.]
8,0.5476850271224976,0,False,[ 270.  402.  260.    0.  227. 1009.  221.  193.   30.  444.]
9,0.17415517568588257,1,False,[137.  29.  73.   0.  60. 174. 134.  25.   0.   0.]
10,0.03755982778966427,1,False,[108.  23.  61.   0.  39. 149.   0.  21.   0.   0.]
11,-2.0,-2,True,[42.  2. 18.  0.  4.  8.  0.  9.  0.  0.]
11,-2.0,-2,True,[ 66.  21.  43.   0.  35. 141.   0.  12.   0.   0.]
10,-0.8088971376419067,2,False,[ 29.   6.  12.   0.  21.  25. 134.   4.   0.   0.]
11,-2.0,-2,True,[29.  1.  4.  0.  7. 15.  0.  1.  0.  0.]
11,-2.0,-2,True,[  0.   5.   8.   0.  14.  10. 134.   3.   0.   0.]
9,0.08698513731360435,1,False,[133. 373. 187.   0. 167. 835.  87. 168.  30. 444.]
10,0.08495311066508293,1,False,[ 0.  4.  0.  0.  2. 17. 87.  7.  0. 20.]
11,-2.0,-2,True,[ 0.  4.  0.  0.  2. 17.  0.  7.  0. 20.]
11,-2.0,-2,True,[ 0.  0.  0.  0.  0.  0. 87.  0.  0.  0.]
10,0.6637206971645355,0,False,[133. 369. 187.   0. 165. 818.   0. 161.  30. 424.]
11,-2.0,-2,True,[ 41. 186.  64.   0.  38. 276.   0.  23.  15.  28.]
11,-2.0,-2,True,[ 92. 183. 123.   0. 127. 542.   0. 138.  15. 396.]
7,0.42550845444202423,1,False,[ 876. 1434.  480.  570.  372. 1288.  353.  255.   99.  275.]
8,0.478716105222702,3,False,[155. 899. 319. 374. 186. 735. 198. 138.  65. 191.]
9,0.6233870685100555,0,False,[ 41. 343.  77. 301.  34. 174.  79.  42.  23.  32.]
10,0.26002272963523865,1,False,[ 41. 227.  61.  44.  11.  83.   0.  26.  11.  15.]
11,-2.0,-2,True,[ 9.  3.  0. 44.  0.  4.  0.  0.  0.  0.]
11,-2.0,-2,True,[ 32. 224.  61.   0.  11.  79.   0.  26.  11.  15.]
10,0.6515865325927734,0,False,[  0. 116.  16. 257.  23.  91.  79.  16.  12.  17.]
11,-2.0,-2,True,[  0.  19.   1. 257.   3.  15.   0.   1.  12.   0.]
11,-2.0,-2,True,[ 0. 97. 15.  0. 20. 76. 79. 15.  0. 17.]
9,-0.6648307740688324,2,False,[114. 556. 242.  73. 152. 561. 119.  96.  42. 159.]
10,0.4026925265789032,0,False,[ 96. 518. 224.  73. 138. 512.  48.  80.  42. 159.]
11,-2.0,-2,True,[ 0.  0.  0. 39.  3.  7.  0.  1.  0.  0.]
11,-2.0,-2,True,[ 96. 518. 224.  34. 135. 505.  48.  79.  42. 159.]
10,0.5195050537586212,0,False,[18. 38. 18.  0. 14. 49. 71. 16.  0.  0.]
11,-2.0,-2,True,[ 0.  4.  6.  0.  2.  0. 71.  3.  0.  0.]
11,-2.0,-2,True,[18. 34. 12.  0. 12. 49.  0. 13.  0.  0.]
8,0.512843668460846,0,False,[721. 535. 161. 196. 186. 553. 155. 117.  34.  84.]
9,-0.6253874003887177,2,False,[276. 321.  81. 169. 115. 297. 155.  64.  24.  39.]
10,0.5012588351964951,1,False,[276. 316.  79. 146. 109. 297. 155.  60.  24.  39.]
11,-2.0,-2,True,[214.  79.  22. 146.  45. 164. 155.  42.  11.   0.]
11,-2.0,-2,True,[ 62. 237.  57.   0.  64. 133.   0.  18.  13.  39.]
10,0.5799517929553986,1,False,[ 0.  5.  2. 23.  6.  0.  0.  4.  0.  0.]
11,-2.0,-2,True,[0. 4. 0. 0. 4. 0. 0. 0. 0. 0.]
11,-2.0,-2,True,[ 0.  1.  2. 23.  2.  0.  0.  4.  0.  0.]
9,0.5830450654029846,0,False,[445. 214.  80.  27.  71. 256.   0.  53.  10.  45.]
10,0.4614320546388626,1,False,[414. 130.  59.  27.  44. 156.   0.  42.   0.  20.]
11,-2.0,-2,True,[32. 44. 24.  0.  2. 36.  0. 11.  0.  0.]
11,-2.0,-2,True,[382.  86.  35.  27.  42. 120.   0.  31.   0.  20.]
10,0.6433852910995483,0,False,[ 31.  84.  21.   0.  27. 100.   0.  11.  10.  25.]
11,-2.0,-2,True,[ 0.  8.  5.  0. 14.  2.  0.  0.  0.  0.]
11,-2.0,-2,True,[31. 76. 16.  0. 13. 98.  0. 11. 10. 25.]
5,0.649479329586029,0,False,[1832.  569. 1027.  498. 1293. 1066.  688. 1425. 1032. 1422.]
6,0.951021283864975,3,False,[1438.  432.  682.  498.  795.  763.  172.  812.  700.  658.]
7,0.9398212432861328,3,False,[980. 212. 405. 236. 609. 510. 172. 400. 237. 264.]
8,0.6172036826610565,0,False,[895. 207. 377. 236. 575. 475.  43. 388. 212. 235.]
9,0.3709487169981003,1,False,[782. 180. 341.  75. 501. 404.  43. 341. 203. 161.]
10,-0.4974948763847351,2,False,[407.  93. 252.   0. 383. 275.   0. 239. 117.  92.]
11,-2.0,-2,True,[ 34.  41.  68.   0.  95. 107.   0.  63.   0.  21.]
11,-2.0,-2,True,[373.  52. 184.   0. 288. 168.   0. 176. 117.  71.]
10,0.8840347826480865,3,False,[375.  87.  89.  75. 118. 129.  43. 102.  86.  69.]
11,-2.0,-2,True,[246.  58.  66.   0.  71. 111.  43.  45.  14.  15.]
11,-2.0,-2,True,[129.  29.  23.  75.  47.  18.   0.  57.  72.  54.]
9,-0.4520554542541504,2,False,[113.  27.  36. 161.  74.  71.   0.  47.   9.  74.]
10,0.8214461207389832,3,False,[ 55.  13.  28. 161.  42.  52.   0.  18.   9.  43.]
11,-2.0,-2,True,[ 0.  3.  2. 36.  6.  3.  0.  2.  0.  0.]
11,-2.0,-2,True,[ 55.  10.  26. 125.  36.  49.   0.  16.   9.  43.]
10,0.27479416131973267,1,False,[58. 14.  8.  0. 32. 19.  0. 29.  0. 31.]
11,-2.0,-2,True,[ 9.  2.  8.  0. 24.  7.  0. 17.  0.  0.]
11,-2.0,-2,True,[49. 12.  0.  0.  8. 12.  0. 12.  0. 31.]
8,0.12670671194791794,1,False,[ 85.   5.  28.   0.  34.  35. 129.  12.  25.  29.]
9,0.11768759787082672,1,False,[  0.   0.   1.   0.   2.   1. 129.   1.   0.   0.]
10,0.6215865314006805,0,False,[0. 0. 1. 0. 2. 1. 0. 1. 0. 0.]
11,-2.0,-2,True,[0. 0. 0. 0. 2. 0. 0. 0. 0. 0.]
11,-2.0,-2,True,[0. 0. 1. 0. 0. 1. 0. 1. 0. 0.]
10,-2.0,-2,True,[  0.   0.   0.   0.   0.   0. 129.   0.   0.   0.]
9,0.5062433779239655,1,False,[85.  5. 27.  0. 32. 34.  0. 11. 25. 29.]
10,0.9455613493919373,3,False,[85.  5. 25.  0. 28. 16.  0.  7.  7. 29.]
11,-2.0,-2,True,[37.  1. 19.  0. 16. 14.  0.  5.  7. 29.]
11,-2.0,-2,True,[48.  4.  6.  0. 12.  2.  0.  2.  0.  0.]
10,0.5781350433826447,0,False,[ 0.  0.  2.  0.  4. 18.  0.  4. 18.  0.]
11,-2.0,-2,True,[ 0.  0.  2.  0.  2.  4.  0.  4. 18.  0.]
11,-2.0,-2,True,[ 0.  0.  0.  0.  2. 14.  0.  0.  0.  0.]
7,0.43859797716140747,1,False,[458. 220. 277. 262. 186. 253.   0. 412. 463. 394.]
8,0.2921028286218643,0,False,[269. 132. 232.  40. 154. 200.   0. 285. 397. 342.]
9,0.020717025734484196,1,False,[ 0.  0.  0.  0.  0.  0.  0.  3. 47.  0.]
10,0.2878843694925308,0,False,[ 0.  0.  0.  0.  0.  0.  0.  3. 20.  0.]
11,-2.0,-2,True,[0. 0. 0. 0. 0. 0. 0. 3. 0. 0.]
11,-2.0,-2,True,[ 0.  0.  0.  0.  0.  0.  0.  0. 20.  0.]
10,-2.0,-2,True,[ 0.  0.  0.  0.  0.  0.  0.  0. 27.  0.]
9,-0.1755249872803688,2,False,[269. 132. 232.  40. 154. 200.   0. 282. 350. 342.]
10,0.34100258350372314,1,False,[ 80.  47.  96.   0.  93.  80.   0. 113. 103. 190.]
11,-2.0,-2,True,[ 43.  26.  59.   0.  64.  61.   0.  71. 103. 171.]
11,-2.0,-2,True,[37. 21. 37.  0. 29. 19.  0. 42.  0. 19.]
10,0.34207016229629517,1,False,[189.  85. 136.  40.  61. 120.   0. 169. 247. 152.]
11,-2.0,-2,True,[162.  51.  84.  40.  39. 103.   0. 106. 209.  55.]
11,-2.0,-2,True,[27. 34. 52.  0. 22. 17.  0. 63. 38. 97.]
8,0.20937839895486832,0,False,[189.  88.  45. 222.  32.  53.   0. 127.  66.  52.]
9,0.9932200610637665,3,False,[33.  0.  0.  0.  7.  0.  0.  5.  0.  0.]
10,0.20156142115592957,0,False,[33.  0.  0.  0.  2.  0.  0.  0.  0.  0.]
11,-2.0,-2,True,[17.  0.  0.  0.  0.  0.  0.  0.  0.  0.]
11,-2.0,-2,True,[16.  0.  0.  0.  2.  0.  0.  0.  0.  0.]
10,0.45089422166347504,1,False,[0. 0. 0. 0. 5. 0. 0. 5. 0. 0.]
11,-2.0,-2,True,[0. 0. 0. 0. 0. 0. 0. 3. 0. 0.]
11,-2.0,-2,True,[0. 0. 0. 0. 5. 0. 0. 2. 0. 0.]
9,0.9962889552116394,3,False,[156.  88.  45. 222.  25.  53.   0. 122.  66.  52.]
10,0.46323010325431824,1,False,[137.  73.  26. 222.  17.  34.   0.  75.  66.  39.]
11,-2.0,-2,True,[ 52.   5.   8. 132.   3.   6.   0.   6.  12.   9.]
11,-2.0,-2,True,[85. 68. 18. 90. 14. 28.  0. 69. 54. 30.]
10,0.49695026874542236,0,False,[19. 15. 19.  0.  8. 19.  0. 47.  0. 13.]
11,-2.0,-2,True,[ 0.  9. 13.  0.  6. 17.  0. 18.  0. 13.]
11,-2.0,-2,True,[19.  6.  6.  0.  2.  2.  0. 29.  0.  0.]
6,0.2992754131555557,1,False,[394. 137. 345.   0. 498. 303. 516. 613. 332. 764.]
7,0.8919483125209808,3,False,[345.  79. 268.   0. 391. 235. 126. 448. 273. 521.]
8,0.7516507208347321,0,False,[ 75.  25.  42.   0. 120. 100. 126.  89.  17.   0.]
9,0.7403088808059692,0,False,[ 15.  11.  12.   0.  30.  35. 126.  22.   9.   0.]
10,0.7322148382663727,0,False,[15. 11. 12.  0. 29. 35.  0. 22.  9.  0.]
11,-2.0,-2,True,[15. 11. 12.  0. 29. 17.  0. 22.  9.  0.]
11,-2.0,-2,True,[ 0.  0.  0.  0.  0. 18.  0.  0.  0.  0.]
10,0.13422826305031776,1,False,[  0.   0.   0.   0.   1.   0. 126.   0.   0.   0.]
11,-2.0,-2,True,[0. 0. 0. 0. 1. 0. 0. 0. 0. 0.]
11,-2.0,-2,True,[  0.   0.   0.   0.   0.   0. 126.   0.   0.   0.]
9,0.22746264934539795,1,False,[60. 14. 30.  0. 90. 65.  0. 67.  8.  0.]
10,0.20290684700012207,1,False,[32. 14. 26.  0. 86. 61.  0. 58.  0.  0.]
11,-2.0,-2,True,[32. 12. 22.  0. 81. 37.  0. 58.  0.  0.]
11,-2.0,-2,True,[ 0.  2.  4.  0.  5. 24.  0.  0.  0.  0.]
10,-0.5702211558818817,2,False,[28.  0.  4.  0.  4.  4.  0.  9.  8.  0.]
11,-2.0,-2,True,[28.  0.  0.  0.  0.  0.  0.  0.  8.  0.]
11,-2.0,-2,True,[0. 0. 4. 0. 4. 4. 0. 9. 0. 0.]
8,0.26429329812526703,1,False,[270.  54. 226.   0. 271. 135.   0. 359. 256. 521.]
9,0.9069802165031433,3,False,[233.  40. 210.   0. 251. 103.   0. 323. 168. 512.]
10,0.9303635060787201,0,False,[ 24.   2.  16.   0.  36.  24.   0.  30.   0. 140.]
11,-2.0,-2,True,[ 18.   2.  13.   0.  29.  24.   0.  30.   0. 140.]
11,-2.0,-2,True,[6. 0. 3. 0. 7. 0. 0. 0. 0. 0.]
10,0.8512278199195862,0,False,[209.  38. 194.   0. 215.  79.   0. 293. 168. 372.]
11,-2.0,-2,True,[201.  35. 150.   0. 173.  70.   0. 251. 164. 361.]
11,-2.0,-2,True,[ 8.  3. 44.  0. 42.  9.  0. 42.  4. 11.]
9,0.9700279831886292,3,False,[37. 14. 16.  0. 20. 32.  0. 36. 88.  9.]
10,0.6947762668132782,0,False,[24. 11.  9.  0.  5.  6.  0. 15. 88.  9.]
11,-2.0,-2,True,[12.  4.  0.  0.  2.  0.  0.  5.  0.  9.]
11,-2.0,-2,True,[12.  7.  9.  0.  3.  6.  0. 10. 88.  0.]
10,0.07305181212723255,2,False,[13.  3.  7.  0. 15. 26.  0. 21.  0.  0.]
11,-2.0,-2,True,[13.  3.  7.  0. 15.  9.  0. 19.  0.  0.]
11,-2.0,-2,True,[ 0.  0.  0.  0.  0. 17.  0.  2.  0.  0.]
7,0.9700279831886292,3,False,[ 49.  58.  77.   0. 107.  68. 390. 165.  59. 243.]
8,0.657638430595398,0,False,[ 26.  27.  54.   0.  78.  41. 390.  95.  30. 138.]
9,-0.4209604859352112,2,False,[12.  6.  8.  0.  9.  8.  0. 11.  0. 53.]
10,0.6574505865573883,0,False,[12.  3.  3.  0.  7.  8.  0.  8.  0. 14.]
11,-2.0,-2,True,[12.  3.  3.  0.  7.  8.  0.  8.  0.  0.]
11,-2.0,-2,True,[ 0.  0.  0.  0.  0.  0.  0.  0.  0. 14.]
10,0.34855301678180695,1,False,[ 0.  3.  5.  0.  2.  0.  0.  3.  0. 39.]
11,-2.0,-2,True,[0. 3. 0. 0. 1. 0. 0. 0. 0. 0.]
11,-2.0,-2,True,[ 0.  0.  5.  0.  1.  0.  0.  3.  0. 39.]
9,-0.4824898689985275,2,False,[ 14.  21.  46.   0.  69.  33. 390.  84.  30.  85.]
10,-0.555996835231781,2,False,[ 9.  8. 17.  0. 10. 18.  0. 35.  9. 43.]
11,-2.0,-2,True,[ 9.  7.  1.  0.  6. 18.  0.  0.  0.  0.]
11,-2.0,-2,True,[ 0.  1. 16.  0.  4.  0.  0. 35.  9. 43.]
10,0.6615374386310577,0,False,[  5.  13.  29.   0.  59.  15. 390.  49.  21.  42.]
11,-2.0,-2,True,[  0.   4.   0.   0.   4.   2. 207.   9.   0.  18.]
11,-2.0,-2,True,[  5.   9.  29.   0.  55.  13. 183.  40.  21.  24.]
8,0.7561839818954468,0,False,[ 23.  31.  23.   0.  29.  27.   0.  70.  29. 105.]
9,-0.03872084617614746,2,False,[23. 26. 21.  0. 21. 27.  0. 60. 29. 46.]
10,-0.22610731422901154,2,False,[ 0.  5.  9.  0. 19. 12.  0. 41. 29. 46.]
11,-2.0,-2,True,[ 0.  0.  3.  0.  1.  2.  0.  1. 12. 24.]
11,-2.0,-2,True,[ 0.  5.  6.  0. 18. 10.  0. 40. 17. 22.]
10,0.9993981420993805,3,False,[23. 21. 12.  0.  2. 15.  0. 19.  0.  0.]
11,-2.0,-2,True,[ 0. 16.  3.  0.  2.  3.  0.  8.  0.  0.]
11,-2.0,-2,True,[23.  5.  9.  0.  0. 12.  0. 11.  0.  0.]
9,0.7825221121311188,0,False,[ 0.  5.  2.  0.  8.  0.  0. 10.  0. 59.]
10,0.36161084473133087,1,False,[ 0.  5.  0.  0.  4.  0.  0.  4.  0. 59.]
11,-2.0,-2,True,[ 0.  0.  0.  0.  4.  0.  0.  4.  0. 59.]
11,-2.0,-2,True,[0. 5. 0. 0. 0. 0. 0. 0. 0. 0.]
10,0.40253908932209015,1,False,[0. 0. 2. 0. 4. 0. 0. 6. 0. 0.]
11,-2.0,-2,True,[0. 0. 2. 0. 4. 0. 0. 1. 0. 0.]
11,-2.0,-2,True,[0. 0. 0. 0. 0. 0. 0. 5. 0. 0.]
4,0.9679019451141357,3,False,[  25.  260.  165.    0.   21.  293.    0.  679. 1952.  126.]
5,0.04390737973153591,1,False,[  13.  165.   88.    0.    4.  134.    0.  467. 1561.   51.]
6,0.4900105148553848,2,False,[  0.   0.   9.   0.   0.   0.   0.   3. 121.   0.]
7,0.4595794826745987,2,False,[0. 0. 5. 0. 0. 0. 0. 3. 0. 0.]
8,0.3623513728380203,0,False,[0. 0. 5. 0. 0. 0. 0. 1. 0. 0.]
9,0.3293944299221039,0,False,[0. 0. 1. 0. 0. 0. 0. 1. 0. 0.]
10,-2.0,-2,True,[0. 0. 1. 0. 0. 0. 0. 0. 0. 0.]
10,-2.0,-2,True,[0. 0. 0. 0. 0. 0. 0. 1. 0. 0.]
9,-2.0,-2,True,[0. 0. 4. 0. 0. 0. 0. 0. 0. 0.]
8,-2.0,-2,True,[0. 0. 0. 0. 0. 0. 0. 2. 0. 0.]
7,0.6453242003917694,2,False,[  0.   0.   4.   0.   0.   0.   0.   0. 121.   0.]
8,0.29621024429798126,0,False,[ 0.  0.  1.  0.  0.  0.  0.  0. 95.  0.]
9,0.016733687138184905,1,False,[ 0.  0.  1.  0.  0.  0.  0.  0. 30.  0.]
10,-2.0,-2,True,[ 0.  0.  0.  0.  0.  0.  0.  0. 30.  0.]
10,-2.0,-2,True,[0. 0. 1. 0. 0. 0. 0. 0. 0. 0.]
9,-2.0,-2,True,[ 0.  0.  0.  0.  0.  0.  0.  0. 65.  0.]
8,0.6892532408237457,2,False,[ 0.  0.  3.  0.  0.  0.  0.  0. 26.  0.]
9,-2.0,-2,True,[0. 0. 3. 0. 0. 0. 0. 0. 0. 0.]
9,-2.0,-2,True,[ 0.  0.  0.  0.  0.  0.  0.  0. 26.  0.]
6,0.845217764377594,3,False,[  13.  165.   79.    0.    4.  134.    0.  464. 1440.   51.]
7,0.37612253427505493,1,False,[ 13.  77.  32.   0.   2.  34.   0. 226. 739.   0.]
8,0.7908665835857391,0,False,[ 13.  48.  25.   0.   2.  31.   0. 211. 719.   0.]
9,0.22151260823011398,1,False,[  0.  46.  23.   0.   1.  27.   0. 154. 331.   0.]
10,0.7176503241062164,3,False,[  0.  28.  12.   0.   1.  20.   0. 130. 182.   0.]
11,-2.0,-2,True,[  0.   6.   4.   0.   0.   0.   0.  52. 101.   0.]
11,-2.0,-2,True,[ 0. 22.  8.  0.  1. 20.  0. 78. 81.  0.]
10,0.7141852080821991,0,False,[  0.  18.  11.   0.   0.   7.   0.  24. 149.   0.]
11,-2.0,-2,True,[  0.  18.  11.   0.   0.   7.   0.  20. 149.   0.]
11,-2.0,-2,True,[0. 0. 0. 0. 0. 0. 0. 4. 0. 0.]
9,0.7908284664154053,3,False,[ 13.   2.   2.   0.   1.   4.   0.  57. 388.   0.]
10,0.8338163793087006,0,False,[ 13.   2.   0.   0.   1.   4.   0.  49. 139.   0.]
11,-2.0,-2,True,[  0.   0.   0.   0.   1.   1.   0.  29. 123.   0.]
11,-2.0,-2,True,[13.  2.  0.  0.  0.  3.  0. 20. 16.  0.]
10,0.09438523650169373,1,False,[  0.   0.   2.   0.   0.   0.   0.   8. 249.   0.]
11,-2.0,-2,True,[0. 0. 2. 0. 0. 0. 0. 1. 0. 0.]
11,-2.0,-2,True,[  0.   0.   0.   0.   0.   0.   0.   7. 249.   0.]
8,0.5074655562639236,3,False,[ 0. 29.  7.  0.  0.  3.  0. 15. 20.  0.]
9,0.524248868227005,0,False,[ 0.  2.  0.  0.  0.  0.  0.  1. 20.  0.]
10,0.9863474071025848,2,False,[ 0.  0.  0.  0.  0.  0.  0.  1. 20.  0.]
11,-2.0,-2,True,[ 0.  0.  0.  0.  0.  0.  0.  0. 20.  0.]
11,-2.0,-2,True,[0. 0. 0. 0. 0. 0. 0. 1. 0. 0.]
10,-2.0,-2,True,[0. 2. 0. 0. 0. 0. 0. 0. 0. 0.]
9,0.6822093725204468,0,False,[ 0. 27.  7.  0.  0.  3.  0. 14.  0.  0.]
10,0.39823079109191895,0,False,[ 0. 26.  7.  0.  0.  3.  0.  7.  0.  0.]
11,-2.0,-2,True,[0. 9. 7. 0. 0. 3. 0. 3. 0. 0.]
11,-2.0,-2,True,[ 0. 17.  0.  0.  0.  0.  0.  4.  0.  0.]
10,0.3951250910758972,1,False,[0. 1. 0. 0. 0. 0. 0. 7. 0. 0.]
11,-2.0,-2,True,[0. 0. 0. 0. 0. 0. 0. 7. 0. 0.]
11,-2.0,-2,True,[0. 1. 0. 0. 0. 0. 0. 0. 0. 0.]
7,0.6377590894699097,0,False,[  0.  88.  47.   0.   2. 100.   0. 238. 701.  51.]
8,0.5049423575401306,2,False,[  0.  68.  27.   0.   1.  67.   0. 130. 281.   0.]
9,0.5897034704685211,0,False,[  0.  50.  20.   0.   1.  67.   0. 123. 269.   0.]
10,0.09216596558690071,1,False,[  0.  30.  12.   0.   1.  55.   0.  92. 269.   0.]
11,-2.0,-2,True,[ 0.  0.  0.  0.  0.  4.  0. 13.  0.  0.]
11,-2.0,-2,True,[  0.  30.  12.   0.   1.  51.   0.  79. 269.   0.]
10,0.24897857010364532,1,False,[ 0. 20.  8.  0.  0. 12.  0. 31.  0.  0.]
11,-2.0,-2,True,[ 0.  0.  0.  0.  0.  6.  0. 17.  0.  0.]
11,-2.0,-2,True,[ 0. 20.  8.  0.  0.  6.  0. 14.  0.  0.]
9,0.581007570028305,1,False,[ 0. 18.  7.  0.  0.  0.  0.  7. 12.  0.]
10,0.5946913361549377,0,False,[ 0. 18.  7.  0.  0.  0.  0.  7.  0.  0.]
11,-2.0,-2,True,[ 0. 18.  7.  0.  0.  0.  0.  3.  0.  0.]
11,-2.0,-2,True,[0. 0. 0. 0. 0. 0. 0. 4. 0. 0.]
10,-2.0,-2,True,[ 0.  0.  0.  0.  0.  0.  0.  0. 12.  0.]
8,0.1892510950565338,1,False,[  0.  20.  20.   0.   1.  33.   0. 108. 420.  51.]
9,0.09165915474295616,1,False,[  0.  13.  15.   0.   1.  22.   0.  63. 150.  51.]
10,-2.0,-2,True,[ 0.  0.  0.  0.  0.  0.  0. 16.  0.  0.]
10,0.12254103273153305,1,False,[  0.  13.  15.   0.   1.  22.   0.  47. 150.  51.]
11,-2.0,-2,True,[ 0.  0.  0.  0.  0. 11.  0.  7. 78.  5.]
11,-2.0,-2,True,[ 0. 13. 15.  0.  1. 11.  0. 40. 72. 46.]
9,0.8994975984096527,3,False,[  0.   7.   5.   0.   0.  11.   0.  45. 270.   0.]
10,0.5122955143451691,2,False,[ 0.  0.  0.  0.  0.  1.  0.  9. 11.  0.]
11,-2.0,-2,True,[0. 0. 0. 0. 0. 0. 0. 6. 0. 0.]
11,-2.0,-2,True,[ 0.  0.  0.  0.  0.  1.  0.  3. 11.  0.]
10,0.751639187335968,0,False,[  0.   7.   5.   0.   0.  10.   0.  36. 259.   0.]
11,-2.0,-2,True,[  0.   6.   3.   0.   0.   3.   0.  16. 209.   0.]
11,-2.0,-2,True,[ 0.  1.  2.  0.  0.  7.  0. 20. 50.  0.]
5,0.23448270559310913,2,False,[ 12.  95.  77.   0.  17. 159.   0. 212. 391.  75.]
6,0.3553692549467087,1,False,[ 12.  78.  66.   0.  17. 131.   0. 182. 361.  61.]
7,0.19610343128442764,1,False,[ 12.  50.  56.   0.  10.  74.   0. 118. 338.  61.]
8,0.20088311284780502,2,False,[ 12.   8.  12.   0.   9.  25.   0.  58. 217.  40.]
9,0.15641021728515625,1,False,[ 12.   7.  11.   0.   9.  21.   0.  55. 156.  40.]
10,0.14802899956703186,1,False,[12.  4.  9.  0.  4. 17.  0. 49. 90. 40.]
11,-2.0,-2,True,[ 0.  4.  7.  0.  1. 17.  0. 21. 70.  0.]
11,-2.0,-2,True,[12.  0.  2.  0.  3.  0.  0. 28. 20. 40.]
10,0.5198602378368378,0,False,[ 0.  3.  2.  0.  5.  4.  0.  6. 66.  0.]
11,-2.0,-2,True,[0. 3. 0. 0. 0. 0. 0. 0. 0. 0.]
11,-2.0,-2,True,[ 0.  0.  2.  0.  5.  4.  0.  6. 66.  0.]
9,0.44713255763053894,0,False,[ 0.  1.  1.  0.  0.  4.  0.  3. 61.  0.]
10,0.9759744107723236,3,False,[0. 0. 1. 0. 0. 4. 0. 0. 0. 0.]
11,-2.0,-2,True,[0. 0. 0. 0. 0. 4. 0. 0. 0. 0.]
11,-2.0,-2,True,[0. 0. 1. 0. 0. 0. 0. 0. 0. 0.]
10,0.6201452016830444,0,False,[ 0.  1.  0.  0.  0.  0.  0.  3. 61.  0.]
11,-2.0,-2,True,[ 0.  0.  0.  0.  0.  0.  0.  1. 61.  0.]
11,-2.0,-2,True,[0. 1. 0. 0. 0. 0. 0. 2. 0. 0.]
8,0.4879775643348694,0,False,[  0.  42.  44.   0.   1.  49.   0.  60. 121.  21.]
9,0.9795774221420288,3,False,[ 0.  3.  0.  0.  1. 21.  0.  3.  0.  0.]
10,0.9759744107723236,3,False,[0. 3. 0. 0. 1. 1. 0. 0. 0. 0.]
11,-2.0,-2,True,[0. 0. 0. 0. 1. 1. 0. 0. 0. 0.]
11,-2.0,-2,True,[0. 3. 0. 0. 0. 0. 0. 0. 0. 0.]
10,0.205425925552845,1,False,[ 0.  0.  0.  0.  0. 20.  0.  3.  0.  0.]
11,-2.0,-2,True,[0. 0. 0. 0. 0. 5. 0. 2. 0. 0.]
11,-2.0,-2,True,[ 0.  0.  0.  0.  0. 15.  0.  1.  0.  0.]
9,0.7637290060520172,0,False,[  0.  39.  44.   0.   0.  28.   0.  57. 121.  21.]
10,0.6079278290271759,0,False,[  0.  36.  26.   0.   0.  17.   0.  46. 114.   0.]
11,-2.0,-2,True,[ 0. 19. 14.  0.  0. 12.  0. 18. 22.  0.]
11,-2.0,-2,True,[ 0. 17. 12.  0.  0.  5.  0. 28. 92.  0.]
10,0.8051875829696655,0,False,[ 0.  3. 18.  0.  0. 11.  0. 11.  7. 21.]
11,-2.0,-2,True,[ 0.  0. 17.  0.  0.  0.  0.  0.  0.  0.]
11,-2.0,-2,True,[ 0.  3.  1.  0.  0. 11.  0. 11.  7. 21.]
7,0.4927297383546829,0,False,[ 0. 28. 10.  0.  7. 57.  0. 64. 23.  0.]
8,0.4535965472459793,1,False,[ 0. 17.  2.  0.  6. 22.  0.  6. 18.  0.]
9,0.16704543679952621,2,False,[ 0.  0.  1.  0.  3. 13.  0.  0. 18.  0.]
10,-2.0,-2,True,[ 0.  0.  0.  0.  0. 12.  0.  0.  0.  0.]
10,0.18399153649806976,2,False,[ 0.  0.  1.  0.  3.  1.  0.  0. 18.  0.]
11,-2.0,-2,True,[ 0.  0.  0.  0.  3.  0.  0.  0. 18.  0.]
11,-2.0,-2,True,[0. 0. 1. 0. 0. 1. 0. 0. 0. 0.]
9,0.39501453936100006,0,False,[ 0. 17.  1.  0.  3.  9.  0.  6.  0.  0.]
10,0.18399153649806976,2,False,[ 0. 12.  1.  0.  0.  0.  0.  6.  0.  0.]
11,-2.0,-2,True,[ 0. 12.  1.  0.  0.  0.  0.  1.  0.  0.]
11,-2.0,-2,True,[0. 0. 0. 0. 0. 0. 0. 5. 0. 0.]
10,0.19242306798696518,2,False,[0. 5. 0. 0. 3. 9. 0. 0. 0. 0.]
11,-2.0,-2,True,[0. 0. 0. 0. 3. 9. 0. 0. 0. 0.]
11,-2.0,-2,True,[0. 5. 0. 0. 0. 0. 0. 0. 0. 0.]
8,0.6648380160331726,0,False,[ 0. 11.  8.  0.  1. 35.  0. 58.  5.  0.]
9,0.42763155698776245,1,False,[ 0. 10.  8.  0.  1. 22.  0. 53.  5.  0.]
10,0.985911637544632,3,False,[ 0.  7.  6.  0.  1.  7.  0. 42.  0.  0.]
11,-2.0,-2,True,[ 0.  4.  6.  0.  1.  7.  0. 24.  0.  0.]
11,-2.0,-2,True,[ 0.  3.  0.  0.  0.  0.  0. 18.  0.  0.]
10,0.9759744107723236,3,False,[ 0.  3.  2.  0.  0. 15.  0. 11.  5.  0.]
11,-2.0,-2,True,[0. 0. 2. 0. 0. 0. 0. 7. 0. 0.]
11,-2.0,-2,True,[ 0.  3.  0.  0.  0. 15.  0.  4.  5.  0.]
9,0.6966625452041626,0,False,[ 0.  1.  0.  0.  0. 13.  0.  5.  0.  0.]
10,-2.0,-2,True,[ 0.  0.  0.  0.  0. 13.  0.  0.  0.  0.]
10,0.9838904142379761,3,False,[0. 1. 0. 0. 0. 0. 0. 5. 0. 0.]
11,-2.0,-2,True,[0. 1. 0. 0. 0. 0. 0. 0. 0. 0.]
11,-2.0,-2,True,[0. 0. 0. 0. 0. 0. 0. 5. 0. 0.]
6,0.7885178625583649,0,False,[ 0. 17. 11.  0.  0. 28.  0. 30. 30. 14.]
7,0.4519769102334976,0,False,[ 0. 17. 11.  0.  0. 28.  0. 26. 30.  0.]
8,0.28271766752004623,1,False,[0. 0. 7. 0. 0. 0. 0. 2. 0. 0.]
9,-2.0,-2,True,[0. 0. 2. 0. 0. 0. 0. 0. 0. 0.]
9,-2.0,-2,True,[0. 0. 5. 0. 0. 0. 0. 2. 0. 0.]
8,0.7739840745925903,0,False,[ 0. 17.  4.  0.  0. 28.  0. 24. 30.  0.]
9,0.23628182709217072,1,False,[ 0. 17.  4.  0.  0. 28.  0. 19. 30.  0.]
10,0.7631557285785675,0,False,[ 0.  4.  1.  0.  0. 17.  0. 11.  0.  0.]
11,-2.0,-2,True,[ 0.  2.  1.  0.  0. 17.  0. 11.  0.  0.]
11,-2.0,-2,True,[0. 2. 0. 0. 0. 0. 0. 0. 0. 0.]
10,0.31318680942058563,1,False,[ 0. 13.  3.  0.  0. 11.  0.  8. 30.  0.]
11,-2.0,-2,True,[ 0.  0.  2.  0.  0.  2.  0.  2. 23.  0.]
11,-2.0,-2,True,[ 0. 13.  1.  0.  0.  9.  0.  6.  7.  0.]
9,-2.0,-2,True,[0. 0. 0. 0. 0. 0. 0. 5. 0. 0.]
7,0.8172682225704193,0,False,[ 0.  0.  0.  0.  0.  0.  0.  4.  0. 14.]
8,-2.0,-2,True,[ 0.  0.  0.  0.  0.  0.  0.  0.  0. 14.]
8,-2.0,-2,True,[0. 0. 0. 0. 0. 0. 0. 4. 0. 0.]
3,0.7270126938819885,1,False,[ 90.  63.  23. 803.  34. 111.   0.  35.  29.   0.]
4,0.5323641002178192,0,False,[ 53.  54.  19. 803.  24.  64.   0.  29.  17.   0.]
5,-0.5340558886528015,2,False,[ 35.  14.   7. 803.  13.  45.   0.   5.   0.   0.]
6,-0.9014683067798615,2,False,[ 35.  14.   7. 803.  10.  42.   0.   0.   0.   0.]
7,-0.9710640907287598,2,False,[ 35.  14.   7. 340.   4.  39.   0.   0.   0.   0.]
8,0.2393094189465046,0,False,[  6.  14.   7. 340.   3.  30.   0.   0.   0.   0.]
9,-2.0,-2,True,[0. 0. 7. 0. 0. 0. 0. 0. 0. 0.]
9,0.44950948655605316,0,False,[  6.  14.   0. 340.   3.  30.   0.   0.   0.   0.]
10,-0.017212719190865755,3,False,[  6.   0.   0. 284.   0.  11.   0.   0.   0.   0.]
11,-2.0,-2,True,[0. 0. 0. 0. 0. 5. 0. 0. 0. 0.]
11,-2.0,-2,True,[  6.   0.   0. 284.   0.   6.   0.   0.   0.   0.]
10,0.7004884779453278,1,False,[ 0. 14.  0. 56.  3. 19.  0.  0.  0.  0.]
11,-2.0,-2,True,[0. 9. 0. 0. 3. 5. 0. 0. 0. 0.]
11,-2.0,-2,True,[ 0.  5.  0. 56.  0. 14.  0.  0.  0.  0.]
8,0.4509173482656479,0,False,[29.  0.  0.  0.  1.  9.  0.  0.  0.  0.]
9,-0.9187412261962891,2,False,[29.  0.  0.  0.  0.  1.  0.  0.  0.  0.]
10,-2.0,-2,True,[29.  0.  0.  0.  0.  0.  0.  0.  0.  0.]
10,-2.0,-2,True,[0. 0. 0. 0. 0. 1. 0. 0. 0. 0.]
9,-0.940692275762558,2,False,[0. 0. 0. 0. 1. 8. 0. 0. 0. 0.]
10,-2.0,-2,True,[0. 0. 0. 0. 1. 0. 0. 0. 0. 0.]
10,-2.0,-2,True,[0. 0. 0. 0. 0. 8. 0. 0. 0. 0.]
7,0.33515481650829315,0,False,[  0.   0.   0. 463.   6.   3.   0.   0.   0.   0.]
8,-2.0,-2,True,[0. 0. 0. 0. 3. 0. 0. 0. 0. 0.]
8,0.44821274280548096,3,False,[  0.   0.   0. 463.   3.   3.   0.   0.   0.   0.]
9,0.39638809859752655,0,False,[ 0.  0.  0. 41.  0.  3.  0.  0.  0.  0.]
10,-2.0,-2,True,[0. 0. 0. 0. 0. 3. 0. 0. 0. 0.]
10,-2.0,-2,True,[ 0.  0.  0. 41.  0.  0.  0.  0.  0.  0.]
9,0.47528211772441864,0,False,[  0.   0.   0. 422.   3.   0.   0.   0.   0.   0.]
10,0.657756894826889,1,False,[  0.   0.   0. 380.   1.   0.   0.   0.   0.   0.]
11,-2.0,-2,True,[0. 0. 0. 0. 1. 0. 0. 0. 0. 0.]
11,-2.0,-2,True,[  0.   0.   0. 380.   0.   0.   0.   0.   0.   0.]
10,0.6726859211921692,1,False,[ 0.  0.  0. 42.  2.  0.  0.  0.  0.  0.]
11,-2.0,-2,True,[0. 0. 0. 0. 2. 0. 0. 0. 0. 0.]
11,-2.0,-2,True,[ 0.  0.  0. 42.  0.  0.  0.  0.  0.  0.]
6,0.6476453542709351,1,False,[0. 0. 0. 0. 3. 3. 0. 5. 0. 0.]
7,-2.0,-2,True,[0. 0. 0. 0. 0. 0. 0. 5. 0. 0.]
7,0.6796593964099884,1,False,[0. 0. 0. 0. 3. 3. 0. 0. 0. 0.]
8,-2.0,-2,True,[0. 0. 0. 0. 3. 0. 0. 0. 0. 0.]
8,-2.0,-2,True,[0. 0. 0. 0. 0. 3. 0. 0. 0. 0.]
5,0.6504992544651031,1,False,[18. 40. 12.  0. 11. 19.  0. 24. 17.  0.]
6,-2.0,-2,True,[ 0.  0.  0.  0.  0.  0.  0.  0. 17.  0.]
6,-0.36550578474998474,2,False,[18. 40. 12.  0. 11. 19.  0. 24.  0.  0.]
7,0.604605495929718,0,False,[ 0. 38.  6.  0. 10. 16.  0. 18.  0.  0.]
8,0.7107223570346832,1,False,[ 0. 37.  4.  0. 10. 12.  0.  9.  0.  0.]
9,0.6533351242542267,1,False,[ 0. 37.  4.  0.  9.  8.  0.  9.  0.  0.]
10,0.54937843978405,3,False,[0. 3. 0. 0. 0. 6. 0. 0. 0. 0.]
11,-2.0,-2,True,[0. 0. 0. 0. 0. 6. 0. 0. 0. 0.]
11,-2.0,-2,True,[0. 3. 0. 0. 0. 0. 0. 0. 0. 0.]
10,0.0,3,False,[ 0. 34.  4.  0.  9.  2.  0.  9.  0.  0.]
11,-2.0,-2,True,[0. 0. 2. 0. 0. 0. 0. 2. 0. 0.]
11,-2.0,-2,True,[ 0. 34.  2.  0.  9.  2.  0.  7.  0.  0.]
9,-0.9267760813236237,2,False,[0. 0. 0. 0. 1. 4. 0. 0. 0. 0.]
10,-2.0,-2,True,[0. 0. 0. 0. 1. 0. 0. 0. 0. 0.]
10,-2.0,-2,True,[0. 0. 0. 0. 0. 4. 0. 0. 0. 0.]
8,0.6066910028457642,0,False,[0. 1. 2. 0. 0. 4. 0. 9. 0. 0.]
9,-0.9725416600704193,2,False,[0. 0. 0. 0. 0. 2. 0. 9. 0. 0.]
10,-2.0,-2,True,[0. 0. 0. 0. 0. 2. 0. 0. 0. 0.]
10,-2.0,-2,True,[0. 0. 0. 0. 0. 0. 0. 9. 0. 0.]
9,0.5759684890508652,3,False,[0. 1. 2. 0. 0. 2. 0. 0. 0. 0.]
10,-2.0,-2,True,[0. 0. 2. 0. 0. 0. 0. 0. 0. 0.]
10,0.6111513376235962,0,False,[0. 1. 0. 0. 0. 2. 0. 0. 0. 0.]
11,-2.0,-2,True,[0. 0. 0. 0. 0. 2. 0. 0. 0. 0.]
11,-2.0,-2,True,[0. 1. 0. 0. 0. 0. 0. 0. 0. 0.]
7,0.6680408418178558,1,False,[18.  2.  6.  0.  1.  3.  0.  6.  0.  0.]
8,0.6600556075572968,1,False,[18.  0.  0.  0.  0.  0.  0.  1.  0.  0.]
9,-2.0,-2,True,[0. 0. 0. 0. 0. 0. 0. 1. 0. 0.]
9,-2.0,-2,True,[18.  0.  0.  0.  0.  0.  0.  0.  0.  0.]
8,-0.2760867476463318,2,False,[0. 2. 6. 0. 1. 3. 0. 5. 0. 0.]
9,-2.0,-2,True,[0. 0. 0. 0. 0. 3. 0. 0. 0. 0.]
9,-0.055865219328552485,2,False,[0. 2. 6. 0. 1. 0. 0. 5. 0. 0.]
10,-0.2428407296538353,2,False,[0. 2. 2. 0. 1. 0. 0. 5. 0. 0.]
11,-2.0,-2,True,[0. 0. 2. 0. 1. 0. 0. 0. 0. 0.]
11,-2.0,-2,True,[0. 2. 0. 0. 0. 0. 0. 5. 0. 0.]
10,-2.0,-2,True,[0. 0. 4. 0. 0. 0. 0. 0. 0. 0.]
4,-0.9937498569488525,2,False,[37.  9.  4.  0. 10. 47.  0.  6. 12.  0.]
5,0.7498235106468201,1,False,[0. 5. 0. 0. 1. 0. 0. 1. 0. 0.]
6,-0.9989260733127594,2,False,[0. 4. 0. 0. 1. 0. 0. 0. 0. 0.]
7,0.7426629662513733,1,False,[0. 2. 0. 0. 1. 0. 0. 0. 0. 0.]
8,-2.0,-2,True,[0. 0. 0. 0. 1. 0. 0. 0. 0. 0.]
8,-2.0,-2,True,[0. 2. 0. 0. 0. 0. 0. 0. 0. 0.]
7,-2.0,-2,True,[0. 2. 0. 0. 0. 0. 0. 0. 0. 0.]
6,0.7504437267780304,1,False,[0. 1. 0. 0. 0. 0. 0. 1. 0. 0.]
7,-2.0,-2,True,[0. 0. 0. 0. 0. 0. 0. 1. 0. 0.]
7,-2.0,-2,True,[0. 1. 0. 0. 0. 0. 0. 0. 0. 0.]
5,0.1712360382080078,3,False,[37.  4.  4.  0.  9. 47.  0.  5. 12.  0.]
6,0.7353503704071045,1,False,[10.  0.  0.  0.  0.  3.  0.  0.  0.  0.]
7,-2.0,-2,True,[0. 0. 0. 0. 0. 3. 0. 0. 0. 0.]
7,-2.0,-2,True,[10.  0.  0.  0.  0.  0.  0.  0.  0.  0.]
6,0.933945506811142,1,False,[27.  4.  4.  0.  9. 44.  0.  5. 12.  0.]
7,0.3922570198774338,0,False,[27.  4.  4.  0.  9. 44.  0.  5.  0.  0.]
8,0.386042058467865,0,False,[ 0.  1.  0.  0.  5. 27.  0.  0.  0.  0.]
9,0.9356323182582855,3,False,[0. 1. 0. 0. 5. 8. 0. 0. 0. 0.]
10,0.7511542439460754,1,False,[0. 0. 0. 0. 5. 5. 0. 0. 0. 0.]
11,-2.0,-2,True,[0. 0. 0. 0. 1. 5. 0. 0. 0. 0.]
11,-2.0,-2,True,[0. 0. 0. 0. 4. 0. 0. 0. 0. 0.]
10,0.7689215540885925,1,False,[0. 1. 0. 0. 0. 3. 0. 0. 0. 0.]
11,-2.0,-2,True,[0. 1. 0. 0. 0. 0. 0. 0. 0. 0.]
11,-2.0,-2,True,[0. 0. 0. 0. 0. 3. 0. 0. 0. 0.]
9,-2.0,-2,True,[ 0.  0.  0.  0.  0. 19.  0.  0.  0.  0.]
8,0.4327595680952072,3,False,[27.  3.  4.  0.  4. 17.  0.  5.  0.  0.]
9,-0.9191497564315796,2,False,[ 0.  3.  4.  0.  3. 11.  0.  0.  0.  0.]
10,-0.9506495296955109,2,False,[ 0.  3.  1.  0.  2. 11.  0.  0.  0.  0.]
11,-2.0,-2,True,[0. 3. 1. 0. 2. 1. 0. 0. 0. 0.]
11,-2.0,-2,True,[ 0.  0.  0.  0.  0. 10.  0.  0.  0.  0.]
10,0.7686547935009003,1,False,[0. 0. 3. 0. 1. 0. 0. 0. 0. 0.]
11,-2.0,-2,True,[0. 0. 3. 0. 0. 0. 0. 0. 0. 0.]
11,-2.0,-2,True,[0. 0. 0. 0. 1. 0. 0. 0. 0. 0.]
9,-0.4623651057481766,2,False,[27.  0.  0.  0.  1.  6.  0.  5.  0.  0.]
10,0.6164544522762299,0,False,[27.  0.  0.  0.  0.  2.  0.  3.  0.  0.]
11,-2.0,-2,True,[27.  0.  0.  0.  0.  0.  0.  3.  0.  0.]
11,-2.0,-2,True,[0. 0. 0. 0. 0. 2. 0. 0. 0. 0.]
10,0.6237147152423859,0,False,[0. 0. 0. 0. 1. 4. 0. 2. 0. 0.]
11,-2.0,-2,True,[0. 0. 0. 0. 1. 0. 0. 2. 0. 0.]
11,-2.0,-2,True,[0. 0. 0. 0. 0. 4. 0. 0. 0. 0.]
7,-2.0,-2,True,[ 0.  0.  0.  0.  0.  0.  0.  0. 12.  0.]
